© Der Bundeswahlleiter, Wiesbaden 2021;;;;;;;;;;;;;;;;;;;;;;;;;;;;;;;;;;;;;;;;;;;;;;;;;;;;;;;;;;;;;;;;;;;;;;;;;;;;;;;;
;;;;;;;;;;;;;;;;;;;;;;;;;;;;;;;;;;;;;;;;;;;;;;;;;;;;;;;;;;;;;;;;;;;;;;;;;;;;;;;;
Ergebnis der Wahl zum 19. Deutschen Bundestag am 24. September 2017 umgerechnet auf die 299 Wahlkreise in der für die Bundestagswahl 2021 festgelegten Abgrenzung;;;;;;;;;;;;;;;;;;;;;;;;;;;;;;;;;;;;;;;;;;;;;;;;;;;;;;;;;;;;;;;;;;;;;;;;;;;;;;;;
;;;;;;;;;;;;;;;;;;;;;;;;;;;;;;;;;;;;;;;;;;;;;;;;;;;;;;;;;;;;;;;;;;;;;;;;;;;;;;;;
Wkr-Nr.;Land;Wahlkreisname;Wahlberechtigte;Wähler;Ungültige;Ungültige;Gültige;Gültige;CDU;CDU;SPD;SPD;DIE LINKE;DIE LINKE;GRÜNE;GRÜNE;CSU;CSU;FDP;FDP;AfD;AfD;PIRATEN;PIRATEN;NPD;NPD;FREIE WÄHLER;FREIE WÄHLER;Tierschutzpartei;Tierschutzpartei;ÖDP;ÖDP;Die PARTEI;Die PARTEI;BP;BP;Volksabstimmung;Volksabstimmung;PDV;PDV;MLPD;MLPD;BüSo;BüSo;SGP;SGP;DIE RECHTE;DIE RECHTE;AD-DEMOKRATEN;Tierschutzallianz;Tierschutzallianz;B*;B*;BGE;DIB;DKP;DKP;DM;Die Grauen;Die Grauen;du.;du.;MG;MG;MENSCHLICHE WELT;MENSCHLICHE WELT;Die Humanisten;Gesundheitsforschung;Gesundheitsforschung;V-Partei³;V-Partei³;Bündnis C;DIE EINHEIT;DIE VIOLETTEN;FAMILIE;DIE FRAUEN;MIETERPARTEI;Neue Liberale;UNABHÄNGIGE;WGr/EB
;;;;;Erststimmen;Zweitstimmen;Erststimmen;Zweitstimmen;Erststimmen;Zweitstimmen;Erststimmen;Zweitstimmen;Erststimmen;Zweitstimmen;Erststimmen;Zweitstimmen;Erststimmen;Zweitstimmen;Erststimmen;Zweitstimmen;Erststimmen;Zweitstimmen;Erststimmen;Zweitstimmen;Erststimmen;Zweitstimmen;Erststimmen;Zweitstimmen;Erststimmen;Zweitstimmen;Erststimmen;Zweitstimmen;Erststimmen;Zweitstimmen;Erststimmen;Zweitstimmen;Erststimmen;Zweitstimmen;Erststimmen;Zweitstimmen;Erststimmen;Zweitstimmen;Erststimmen;Zweitstimmen;Erststimmen;Zweitstimmen;Erststimmen;Zweitstimmen;Zweitstimmen;Erststimmen;Zweitstimmen;Erststimmen;Zweitstimmen;Zweitstimmen;Zweitstimmen;Erststimmen;Zweitstimmen;Zweitstimmen;Erststimmen;Zweitstimmen;Erststimmen;Zweitstimmen;Erststimmen;Zweitstimmen;Erststimmen;Zweitstimmen;Zweitstimmen;Erststimmen;Zweitstimmen;Erststimmen;Zweitstimmen;Erststimmen;Erststimmen;Erststimmen;Erststimmen;Erststimmen;Erststimmen;Erststimmen;Erststimmen;Erststimmen
001;SH;Flensburg – Schleswig;228471;171914;1596;1449;170318;170465;68120;58320;47711;40388;12144;14002;17911;22304;0;0;11147;18955;10583;11653;0;0;0;349;1947;1195;0;0;0;297;0;2100;0;0;0;0;0;0;0;59;0;0;0;0;0;0;0;0;0;0;0;843;0;0;0;0;0;0;0;0;0;0;0;0;0;0;0;0;0;0;0;0;0;0;0;0;0;755
002;SH;Nordfriesland – Dithmarschen Nord;186568;139194;1297;1123;137897;138071;62256;52928;34685;31120;7102;8589;13026;15144;0;0;11105;18050;8117;9030;0;0;0;301;1606;867;0;0;0;173;0;1376;0;0;0;0;0;0;0;63;0;0;0;0;0;0;0;0;0;0;0;430;0;0;0;0;0;0;0;0;0;0;0;0;0;0;0;0;0;0;0;0;0;0;0;0;0;0
003;SH;Steinburg – Dithmarschen Süd;176636;132017;1134;1139;130883;130878;54812;47366;34219;29756;7176;8732;8791;12960;0;0;14440;17298;10006;11180;0;0;0;471;1278;1002;0;0;0;191;0;1445;0;0;0;0;0;0;161;62;0;0;0;0;0;0;0;0;0;0;0;415;0;0;0;0;0;0;0;0;0;0;0;0;0;0;0;0;0;0;0;0;0;0;0;0;0;0
004;SH;Rendsburg-Eckernförde;200831;157354;1252;1087;156102;156267;66625;56585;45070;35766;8074;9962;13978;19337;0;0;10077;19071;10656;11578;0;0;0;307;1622;1031;0;0;0;237;0;1754;0;0;0;0;0;0;0;55;0;0;0;0;0;0;0;0;0;0;0;584;0;0;0;0;0;0;0;0;0;0;0;0;0;0;0;0;0;0;0;0;0;0;0;0;0;0
005;SH;Kiel;204650;153273;1594;1204;151679;152069;46560;40736;46991;36208;11114;15546;21743;26143;0;0;11363;17804;9283;10504;0;0;0;250;0;540;0;0;0;345;4017;3214;0;0;0;0;0;0;266;147;0;0;0;0;0;0;0;0;0;0;0;632;0;0;0;0;0;0;0;0;0;0;0;0;0;0;0;0;0;0;0;0;0;0;0;342;0;0
006;SH;Plön – Neumünster;174937;131713;1224;1199;130489;130514;53109;43778;37728;31013;7009;8503;11736;16350;0;0;9379;16481;10223;11161;0;0;0;479;1305;749;0;0;0;186;0;1342;0;0;0;0;0;0;0;61;0;0;0;0;0;0;0;0;0;0;0;411;0;0;0;0;0;0;0;0;0;0;0;0;0;0;0;0;0;0;0;0;0;0;0;0;0;0
007;SH;Pinneberg;238533;187715;1620;1343;186095;186372;73816;63863;56460;42729;11270;13111;15379;21336;0;0;14441;24735;14729;15977;0;0;0;446;0;954;0;0;0;428;0;2200;0;0;0;0;0;0;0;52;0;0;0;0;0;0;0;0;0;0;0;541;0;0;0;0;0;0;0;0;0;0;0;0;0;0;0;0;0;0;0;0;0;0;0;0;0;0
008;SH;Segeberg – Stormarn-Mitte;247296;193280;1508;1335;191772;191945;78824;66367;52434;43027;10838;13237;16004;21010;0;0;15617;26043;15682;17166;0;0;0;463;2373;1532;0;0;0;392;0;2136;0;0;0;0;0;0;0;69;0;0;0;0;0;0;0;0;0;0;0;503;0;0;0;0;0;0;0;0;0;0;0;0;0;0;0;0;0;0;0;0;0;0;0;0;0;0
009;SH;Ostholstein – Stormarn-Nord;181522;138439;1150;1144;137289;137295;56996;48898;42232;33764;6062;8303;9539;13493;0;0;10047;18147;10790;11782;0;0;0;301;1117;870;0;0;0;179;0;1205;0;0;0;0;0;0;0;42;0;0;0;0;0;0;0;0;0;0;0;311;0;0;0;0;0;0;0;0;0;0;0;0;0;0;0;0;0;0;0;0;506;0;0;0;0;0
010;SH;Herzogtum Lauenburg – Stormarn-Süd;244930;193334;1569;1363;191765;191971;75737;66031;52171;42815;9785;12480;18688;20826;0;0;15775;26163;17435;18792;0;0;0;492;2174;1264;0;0;0;422;0;2110;0;0;0;0;0;0;0;51;0;0;0;0;0;0;0;0;0;0;0;525;0;0;0;0;0;0;0;0;0;0;0;0;0;0;0;0;0;0;0;0;0;0;0;0;0;0
011;SH;Lübeck;181638;130961;2228;1167;128733;129794;45432;38263;43578;32919;0;12213;16785;16568;0;0;8312;14097;11137;11539;0;0;0;351;2535;1091;0;0;0;266;0;1850;0;0;0;0;0;0;954;162;0;0;0;0;0;0;0;0;0;0;0;475;0;0;0;0;0;0;0;0;0;0;0;0;0;0;0;0;0;0;0;0;0;0;0;0;0;0
901;SH;Land;2266012;1729194;16172;13553;1713022;1715641;682287;583135;493279;399505;90574;124678;163580;205471;0;0;131703;216844;128641;140362;0;0;0;4210;15957;11095;0;0;0;3116;4017;20732;0;0;0;0;0;0;1381;823;0;0;0;0;0;0;0;0;0;0;0;5670;0;0;0;0;0;0;0;0;0;0;0;0;0;0;0;0;0;0;0;0;506;0;0;342;0;755
012;MV;Schwerin – Ludwigslust-Parchim I – Nordwestmecklenburg I;216800;157071;1969;1660;155102;155411;49733;51083;34267;28947;26655;25929;5837;6606;0;0;7470;9879;24764;25692;0;0;1515;1700;3874;1625;0;1793;0;147;0;1363;0;0;0;0;0;0;440;231;0;0;0;0;0;0;0;0;0;0;0;416;0;0;0;0;0;0;0;0;0;0;0;0;0;0;0;0;0;0;0;0;0;0;0;0;0;547
013;MV;Ludwigslust-Parchim II – Nordwestmecklenburg II – Landkreis Rostock I;205876;146768;1930;1657;144838;145111;43453;48841;34705;25029;23433;24409;5858;5521;0;0;8290;9008;25262;25688;0;0;1264;1642;2573;1216;0;1807;0;213;0;1188;0;0;0;0;0;0;0;194;0;0;0;0;0;0;0;0;0;0;0;355;0;0;0;0;0;0;0;0;0;0;0;0;0;0;0;0;0;0;0;0;0;0;0;0;0;0
014;MV;Rostock – Landkreis Rostock II;222913;164016;1777;1694;162239;162322;47923;49433;29056;25650;40202;33575;8333;10229;0;0;7368;10661;23785;25171;0;0;0;907;1453;955;0;2008;591;349;3132;2517;0;0;0;0;0;0;396;303;0;0;0;0;0;0;0;0;0;0;0;564;0;0;0;0;0;0;0;0;0;0;0;0;0;0;0;0;0;0;0;0;0;0;0;0;0;0
015;MV;Vorpommern-Rügen – Vorpommern-Greifswald I;240887;169528;1866;2116;167662;167412;73746;55110;19515;20405;26650;30107;5081;8498;0;0;5229;11490;32173;32881;0;0;976;1368;1576;1232;2161;3319;0;194;0;1867;0;0;0;0;0;0;407;249;0;0;0;0;0;0;0;0;0;0;0;692;0;0;0;0;0;0;0;0;0;0;0;0;0;0;0;0;0;0;0;0;0;0;0;0;0;148
016;MV;Mecklenburgische Seenplatte I – Vorpommern-Greifswald II;226039;156965;2337;2152;154628;154813;48269;51789;21493;19064;29462;27246;3898;4068;0;0;8909;8659;36273;35595;0;0;2834;3148;1991;1092;0;1954;0;141;1499;1340;0;0;0;0;0;0;0;169;0;0;0;0;0;0;0;0;0;0;0;548;0;0;0;0;0;0;0;0;0;0;0;0;0;0;0;0;0;0;0;0;0;0;0;0;0;0
017;MV;Mecklenburgische Seenplatte II – Landkreis Rostock III;212099;144239;1863;1798;142376;142441;53538;51007;22401;20594;24728;24102;4739;4592;0;0;6633;8198;26199;27382;0;0;1388;1643;2327;1423;0;1626;0;161;0;1034;0;0;0;0;0;0;423;220;0;0;0;0;0;0;0;0;0;0;0;459;0;0;0;0;0;0;0;0;0;0;0;0;0;0;0;0;0;0;0;0;0;0;0;0;0;0
913;MV;Land;1324614;938587;11742;11077;926845;927510;316662;307263;161437;139689;171130;165368;33746;39514;0;0;43899;57895;168456;172409;0;0;7977;10408;13794;7543;2161;12507;591;1205;4631;9309;0;0;0;0;0;0;1666;1366;0;0;0;0;0;0;0;0;0;0;0;3034;0;0;0;0;0;0;0;0;0;0;0;0;0;0;0;0;0;0;0;0;0;0;0;0;0;695
018;HH;Hamburg-Mitte;243543;175731;1716;1438;174015;174293;42149;40909;53795;41551;24083;26109;22368;25164;0;0;11202;16255;12728;13940;0;0;316;348;1038;744;0;1817;1090;613;4929;3945;0;0;0;0;0;0;317;181;0;0;0;0;0;0;0;0;0;0;0;1105;976;0;113;0;0;0;0;0;0;0;0;0;0;0;0;0;523;0;0;0;0;0;0;0;0;0
019;HH;Hamburg-Altona;185944;146090;1161;864;144929;145226;37575;36139;41947;29680;19704;22766;20817;26036;0;0;12482;16306;7425;8028;0;0;0;150;490;341;0;1093;0;284;3471;2374;0;0;0;0;0;0;256;149;0;0;0;0;0;0;0;0;0;0;0;787;722;0;87;0;0;0;0;0;0;0;0;0;0;0;0;0;284;0;0;0;0;0;0;0;0;762
020;HH;Hamburg-Eimsbüttel;192399;156013;1283;810;154730;155203;44416;41826;48920;34575;16123;19290;23220;26372;0;0;10537;17463;8777;9138;0;0;0;184;0;327;0;1262;983;442;0;2427;0;0;0;0;0;0;297;126;0;0;0;0;0;0;0;0;0;0;0;605;738;0;92;0;0;0;0;0;0;0;0;0;0;0;0;0;336;0;0;0;0;0;0;0;0;1457
021;HH;Hamburg-Nord;217226;178760;1397;886;177363;177874;59441;55737;54695;38150;13277;16720;24065;25584;0;0;14911;24652;9701;10963;0;0;0;180;1273;556;0;1245;0;340;0;2042;0;0;0;0;0;0;0;63;0;0;0;0;0;0;0;0;0;0;0;579;630;0;72;0;0;0;0;0;0;0;0;0;0;0;0;0;361;0;0;0;0;0;0;0;0;0
022;HH;Hamburg-Wandsbek;235513;172574;1707;1273;170867;171301;50822;49482;59086;45542;15673;16847;12112;17773;0;0;12007;17621;16208;16732;0;0;399;425;1534;807;0;1835;0;436;3026;2096;0;0;0;0;0;0;0;65;0;0;0;0;0;0;0;0;0;0;0;689;557;0;61;0;0;0;0;0;0;0;0;0;0;0;0;0;333;0;0;0;0;0;0;0;0;0
023;HH;Hamburg-Bergedorf – Harburg;222031;155758;1990;1537;153768;154221;43274;42219;53446;40364;16382;17344;11903;15442;0;0;8039;13313;16688;17710;0;0;530;512;1091;683;0;1561;1296;663;0;2504;0;0;0;0;0;0;253;104;0;0;0;0;0;0;0;0;0;0;0;808;576;0;86;0;0;0;0;0;0;0;0;0;0;0;0;0;332;0;0;0;0;0;0;0;0;866
902;HH;Land;1296656;984926;9254;6808;975672;978118;277677;266312;311889;229862;105242;119076;114485;136371;0;0;69178;105610;71527;76511;0;0;1245;1799;5426;3458;0;8813;3369;2778;11426;15388;0;0;0;0;0;0;1123;688;0;0;0;0;0;0;0;0;0;0;0;4573;4199;0;511;0;0;0;0;0;0;0;0;0;0;0;0;0;2169;0;0;0;0;0;0;0;0;3085
024;NI;Aurich – Emden;191541;142676;3092;1605;139584;141071;38531;39552;69231;53353;9403;10142;9787;10503;0;0;6882;10079;0;12877;2304;568;0;357;3326;760;0;1162;0;77;0;961;0;0;0;0;0;0;0;35;0;0;0;0;0;0;0;0;0;0;0;191;123;0;35;136;0;0;0;0;0;0;0;0;0;0;0;0;160;0;0;0;0;0;0;0;0;120
025;NI;Unterems;235234;176342;1553;1390;174789;174952;87406;74173;48959;48194;7726;9459;8255;10258;0;0;7758;13629;13387;14620;0;491;0;421;0;413;0;1185;0;127;1298;1359;0;0;0;0;0;0;0;30;0;0;0;0;0;0;0;0;0;0;0;159;147;0;21;144;0;0;0;0;0;0;0;0;0;0;0;0;122;0;0;0;0;0;0;0;0;0
026;NI;Friesland – Wilhelmshaven – Wittmund;189344;139153;1810;1557;137343;137596;44537;45098;54504;42207;8127;9738;7542;9984;0;0;8074;12958;11392;12490;0;377;0;389;1236;880;0;1423;0;90;1749;1216;0;0;0;0;0;0;182;93;0;0;0;0;0;0;0;0;0;0;0;175;121;0;30;177;0;0;0;0;0;0;0;0;0;0;0;0;150;0;0;0;0;0;0;0;0;0
027;NI;Oldenburg – Ammerland;226253;175967;1797;1286;174170;174681;52598;53417;63235;45514;14081;16351;19827;21821;0;0;10635;18136;11592;12625;0;682;0;336;1393;687;0;1457;809;418;0;1837;0;0;0;0;0;0;0;77;0;0;0;0;0;0;0;0;0;0;0;372;298;0;57;264;0;0;0;0;0;0;0;0;0;0;0;0;332;0;0;0;0;0;0;0;0;0
028;NI;Delmenhorst – Wesermarsch – Oldenburg-Land;227696;170194;1966;1375;168228;168819;57390;56526;55326;47622;10262;11567;12933;13525;0;0;15208;17076;15122;16392;0;605;0;449;1987;1094;0;1498;0;154;0;1302;0;0;0;0;0;0;0;46;0;0;0;0;0;0;0;0;0;0;0;235;157;0;36;308;0;0;0;0;0;0;0;0;0;0;0;0;227;0;0;0;0;0;0;0;0;0
029;NI;Cuxhaven – Stade II;187679;141726;1433;1007;140293;140719;59930;54163;43077;38923;8121;9121;8491;9709;0;0;6984;11483;11862;12650;0;410;0;396;1828;907;0;1338;0;106;0;890;0;0;0;0;0;0;0;26;0;0;0;0;0;0;0;0;0;0;0;163;100;0;20;181;0;0;0;0;0;0;0;0;0;0;0;0;133;0;0;0;0;0;0;0;0;0
030;NI;Stade I – Rotenburg II;197297;153044;1192;849;151852;152195;67463;59229;42829;37361;7994;9564;10613;12511;0;0;8797;14538;12590;13513;1334;645;0;555;0;778;0;1335;0;139;0;1147;0;0;0;0;0;0;0;29;0;0;0;0;0;0;0;0;0;0;0;262;196;0;23;193;0;0;0;0;0;0;0;0;0;0;0;0;177;0;0;0;0;0;0;0;0;232
031;NI;Mittelems;230151;179811;1187;959;178624;178852;95815;88310;47107;41983;6813;8167;8900;10803;0;0;10089;16181;8949;9701;0;385;0;285;0;271;0;939;0;238;951;984;0;0;0;0;0;0;0;35;0;0;0;0;0;0;0;0;0;0;0;136;134;0;27;146;0;0;0;0;0;0;0;0;0;0;0;0;127;0;0;0;0;0;0;0;0;0
032;NI;Cloppenburg – Vechta;220042;163669;1550;1153;162119;162516;93545;86301;32997;28870;6640;7145;7034;8207;0;0;8306;15298;12683;13145;0;381;0;308;914;530;0;803;0;110;0;868;0;0;0;0;0;0;0;21;0;0;0;0;0;0;0;0;0;0;0;91;105;0;18;181;0;0;0;0;0;0;0;0;0;0;0;0;134;0;0;0;0;0;0;0;0;0
033;NI;Diepholz – Nienburg I;193934;148298;1480;1020;146818;147278;65465;55833;40102;37505;7759;8951;11252;11992;0;0;10285;15515;11955;12434;0;476;0;366;0;668;0;1353;0;219;0;1104;0;0;0;0;0;0;0;28;0;0;0;0;0;0;0;0;0;0;0;258;162;0;17;206;0;0;0;0;0;0;0;0;0;0;0;0;191;0;0;0;0;0;0;0;0;0
034;NI;Osterholz – Verden;196136;153036;1268;1238;151768;151798;59560;53035;48505;40047;10714;11055;10146;14052;0;0;8273;13464;12995;14675;0;560;0;354;1072;631;0;1445;0;125;0;1252;0;0;0;0;0;0;0;35;0;0;0;0;0;0;0;0;0;0;0;343;228;0;19;284;0;0;0;0;0;0;0;0;0;0;0;0;194;0;0;0;0;0;0;0;0;503
035;NI;Rotenburg I – Heidekreis;168101;127071;974;967;126097;126104;45510;47558;51938;34211;5219;7422;6053;10068;0;0;5659;10699;10331;11671;0;396;0;447;1387;770;0;1145;0;114;0;877;0;0;0;0;0;0;0;34;0;0;0;0;0;0;0;0;0;0;0;188;138;0;10;219;0;0;0;0;0;0;0;0;0;0;0;0;137;0;0;0;0;0;0;0;0;0
036;NI;Harburg;199081;161837;1325;982;160512;160855;65223;57815;44017;35377;8638;10117;14565;16410;0;0;10458;18839;14826;16047;0;475;0;358;2785;1340;0;1632;0;198;0;1238;0;0;0;0;0;0;0;35;0;0;0;0;0;0;0;0;0;0;0;209;240;0;31;201;0;0;0;0;0;0;0;0;0;0;0;0;293;0;0;0;0;0;0;0;0;0
037;NI;Lüchow-Dannenberg – Lüneburg;180865;141000;1382;861;139618;140139;46740;43861;39169;32865;11729;12705;20604;18906;0;0;9245;12959;12131;12498;0;486;0;395;0;552;0;1506;0;250;0;1387;0;0;0;0;0;0;0;36;0;0;0;0;0;0;0;0;0;0;0;881;312;0;36;263;0;0;0;0;0;0;0;0;0;0;0;0;241;0;0;0;0;0;0;0;0;0
038;NI;Osnabrück-Land;199131;151302;1226;1107;150076;150195;68379;60737;42438;38529;7908;9156;11613;12346;0;0;9576;14603;9934;10940;0;490;0;322;0;381;0;958;0;119;0;902;0;0;0;0;0;0;0;19;0;0;0;0;0;0;0;0;0;0;0;205;140;0;29;168;0;0;0;0;0;0;0;0;0;0;0;0;151;228;0;0;0;0;0;0;0;0
039;NI;Stadt Osnabrück;196720;152107;2699;938;149408;151169;60185;53977;47279;37336;12521;12759;15108;18353;0;0;13353;14309;0;9499;0;702;0;211;0;344;0;933;0;173;0;1361;0;0;0;0;0;0;0;28;0;0;0;0;0;0;0;0;0;0;0;402;264;962;77;232;0;0;0;0;0;0;0;0;0;0;0;0;209;0;0;0;0;0;0;0;0;0
040;NI;Nienburg II – Schaumburg;194800;146673;1196;1019;145477;145654;59128;49896;47615;43307;6530;8289;11206;11831;0;0;6539;12430;13292;14945;1167;545;0;406;0;469;0;1467;0;119;0;1066;0;0;0;0;0;0;0;46;0;0;0;0;0;0;0;0;0;0;0;191;171;0;21;278;0;0;0;0;0;0;0;0;0;0;0;0;177;0;0;0;0;0;0;0;0;0
041;NI;Stadt Hannover I;179883;134805;1390;956;133415;133849;39487;36401;47549;36645;9579;12470;12102;16292;0;0;8734;13658;11364;12226;1231;768;0;244;668;409;0;1222;0;162;2401;1768;0;0;0;0;0;0;163;78;0;0;0;0;0;0;0;0;0;0;0;365;297;137;79;545;0;0;0;0;0;0;0;0;0;0;0;0;220;0;0;0;0;0;0;0;0;0
042;NI;Stadt Hannover II;193433;149031;1407;940;147624;148091;42713;36203;49744;37964;13775;17823;16486;22079;0;0;8165;14735;10590;11241;1516;968;0;186;0;355;0;1342;0;186;4168;2966;0;0;0;0;0;0;235;127;0;0;0;0;0;0;0;0;0;0;0;489;470;232;139;512;0;0;0;0;0;0;0;0;0;0;0;0;306;0;0;0;0;0;0;0;0;0
043;NI;Hannover-Land I;232926;181650;1554;1274;180096;180376;72282;62828;59552;48783;8958;10890;10725;14335;0;0;9325;18869;17217;18366;0;653;0;406;2037;830;0;1516;0;154;0;1450;0;0;0;0;0;0;0;59;0;0;0;0;0;0;0;0;0;0;0;250;228;0;47;463;0;0;0;0;0;0;0;0;0;0;0;0;249;0;0;0;0;0;0;0;0;0
044;NI;Celle – Uelzen;214612;162145;1349;1139;160796;161006;68655;58858;48189;40899;7901;9297;9266;12478;0;0;8830;16334;16199;17554;0;476;0;438;1756;888;0;1436;0;145;0;1331;0;0;0;0;0;0;0;49;0;0;0;0;0;0;0;0;0;0;0;217;176;0;22;232;0;0;0;0;0;0;0;0;0;0;0;0;176;0;0;0;0;0;0;0;0;0
045;NI;Gifhorn – Peine;218556;168861;1488;1288;167373;167573;60345;56567;63294;50445;8827;10166;9342;12094;0;0;8062;14004;16501;18289;0;663;0;463;0;581;0;1591;0;123;0;1454;0;0;0;0;0;0;277;97;0;0;0;0;0;0;0;0;0;0;0;208;185;0;17;367;0;0;0;0;0;0;0;0;0;0;0;0;259;725;0;0;0;0;0;0;0;0
046;NI;Hameln-Pyrmont – Holzminden;187377;139780;1311;1107;138469;138673;46181;44424;54130;44190;8220;9130;7511;9995;0;0;8034;12531;13143;14054;1250;560;0;411;0;390;0;1285;0;109;0;878;0;0;0;0;0;0;0;33;0;0;0;0;0;0;0;0;0;0;0;185;125;0;27;159;0;0;0;0;0;0;0;0;0;0;0;0;187;0;0;0;0;0;0;0;0;0
047;NI;Hannover-Land II;239923;188495;1729;1479;186766;187016;65815;58984;69104;55161;10124;12305;10693;16290;0;0;10092;17925;17570;19392;1677;936;0;508;1691;822;0;1556;0;163;0;1679;0;0;0;0;0;0;0;66;0;0;0;0;0;0;0;0;0;0;0;250;312;0;34;396;0;0;0;0;0;0;0;0;0;0;0;0;237;0;0;0;0;0;0;0;0;0
048;NI;Hildesheim;218349;169613;1752;1316;167861;168297;60457;54871;62448;52077;8502;10932;12691;14806;0;0;9330;13876;14433;15695;0;593;0;468;0;453;0;1693;0;150;0;1445;0;0;0;0;0;0;0;56;0;0;0;0;0;0;0;0;0;0;0;320;304;0;32;305;0;0;0;0;0;0;0;0;0;0;0;0;221;0;0;0;0;0;0;0;0;0
049;NI;Salzgitter – Wolfenbüttel;206133;157046;1567;1327;155479;155719;45310;45985;66587;50482;9290;11266;6680;10213;0;0;7268;12450;18564;19115;1335;684;0;606;0;531;0;1591;0;117;0;1557;0;0;0;0;0;0;0;74;0;0;0;0;0;0;0;0;0;0;0;207;197;0;31;430;0;0;0;0;0;0;0;0;0;0;0;0;183;0;0;0;0;0;0;0;0;445
050;NI;Braunschweig;192041;147712;1362;1055;146350;146657;45881;42534;55641;38695;11145;13673;11761;17295;0;0;7877;14684;11377;12268;0;905;0;308;0;413;0;1423;0;223;0;2698;0;0;0;0;0;0;344;130;0;0;0;0;0;0;0;0;0;0;0;394;390;0;30;298;0;0;0;0;0;0;0;0;0;0;0;0;296;0;0;0;0;0;0;0;0;2324
051;NI;Helmstedt – Wolfsburg;183961;137303;1471;1291;135832;136012;47416;47037;51646;40740;8128;9050;6096;8064;0;0;7791;10988;13857;14862;0;592;0;623;0;455;0;1307;0;198;0;1229;0;0;0;0;0;0;152;82;0;0;0;0;0;0;0;0;0;0;0;138;141;0;36;276;0;0;0;0;0;0;0;0;0;0;0;0;194;0;0;0;0;0;0;0;0;746
052;NI;Goslar – Northeim – Osterode;202963;150977;1605;1187;149372;149790;59391;48131;51953;48016;8525;9521;8128;9929;0;0;7438;13734;13937;15132;0;426;0;595;0;513;0;1512;0;102;0;1246;0;0;0;0;0;0;0;36;0;0;0;0;0;0;0;0;0;0;0;199;173;0;27;329;0;0;0;0;0;0;0;0;0;0;0;0;169;0;0;0;0;0;0;0;0;0
053;NI;Göttingen;220420;170547;1439;1223;169108;169324;56250;51177;59032;47871;9905;14748;19131;19676;0;0;7734;15421;11870;13446;1400;785;0;423;1458;1063;0;1434;0;163;2159;1776;0;0;0;0;0;0;169;76;0;0;0;0;0;0;0;0;0;0;0;401;315;0;72;253;0;0;0;0;0;0;0;0;0;0;0;0;224;0;0;0;0;0;0;0;0;0
903;NI;Land;6124582;4681871;46554;34895;4635317;4646976;1777588;1623481;1557197;1275172;273064;322979;334541;404825;0;0;264801;431405;369663;422362;13214;17683;0;12034;23538;19178;0;40487;809;4771;12726;41228;0;0;0;0;0;0;1522;1616;0;0;0;0;0;0;0;0;0;0;0;8084;6349;1331;1100;8146;0;0;0;0;0;0;0;0;0;0;0;0;6076;953;0;0;0;0;0;0;0;4370
054;HB;Bremen I;252496;188064;2627;1688;185437;186376;44912;48458;55656;45729;22666;26425;22117;23568;0;0;20702;19138;14290;15539;0;1007;0;264;0;488;0;0;0;0;4744;3093;0;0;0;0;0;0;350;154;0;0;0;0;0;0;0;0;0;0;0;1124;0;0;94;314;0;0;0;0;0;0;0;392;0;0;0;0;589;0;0;0;0;0;0;0;0;0
055;HB;Bremen II – Bremerhaven;221655;147855;2249;1908;145606;145947;36363;34951;49463;43215;16739;18204;11269;13165;0;0;9755;11918;16645;17705;0;951;487;599;939;706;0;0;0;0;3009;2418;0;0;0;0;0;0;150;119;0;0;0;0;0;0;0;0;0;0;0;680;0;0;80;293;0;0;0;0;0;0;787;513;0;0;0;0;430;0;0;0;0;0;0;0;0;0
904;HB;Land;474151;335919;4876;3596;331043;332323;81275;83409;105119;88944;39405;44629;33386;36733;0;0;30457;31056;30935;33244;0;1958;487;863;939;1194;0;0;0;0;7753;5511;0;0;0;0;0;0;500;273;0;0;0;0;0;0;0;0;0;0;0;1804;0;0;174;607;0;0;0;0;0;0;787;905;0;0;0;0;1019;0;0;0;0;0;0;0;0;0
056;BB;Prignitz – Ostprignitz-Ruppin – Havelland I;176002;120228;1813;1820;118415;118408;36481;35215;28061;24884;20849;19447;3547;4231;0;0;4226;6555;21296;22183;0;0;0;1022;1461;1171;0;1428;0;155;1502;1195;0;0;0;0;0;0;374;209;0;0;0;0;0;0;0;0;0;0;0;366;0;0;74;273;0;0;0;0;0;0;0;0;0;0;0;0;0;0;0;0;0;0;0;0;0;618
057;BB;Uckermark – Barnim I;184716;129870;1994;1857;127876;128013;39102;36160;24843;21650;23589;23870;4714;5187;0;0;4859;7021;25804;26605;0;0;0;1267;2361;1518;0;1744;0;174;2163;1451;0;0;0;0;0;0;0;86;0;0;0;0;0;0;0;0;0;0;0;567;0;441;230;483;0;0;0;0;0;0;0;0;0;0;0;0;0;0;0;0;0;0;0;0;0;0
058;BB;Oberhavel – Havelland II;243108;185012;2722;2402;182290;182610;54455;51968;41423;33856;26839;26091;9685;11684;0;0;9514;13912;32762;33987;1174;0;0;1476;2684;1770;0;3703;0;299;3351;2415;0;0;0;0;0;0;0;100;0;0;0;0;0;0;0;0;0;0;0;613;0;403;217;519;0;0;0;0;0;0;0;0;0;0;0;0;0;0;0;0;0;0;0;0;0;0
059;BB;Märkisch-Oderland – Barnim II;226424;170039;2434;2343;167605;167696;47594;42113;26526;25908;37721;34632;8972;7800;0;0;7111;11007;33915;34701;0;0;0;1243;4617;2566;0;3354;0;296;0;2303;0;0;0;0;0;0;0;105;0;0;0;0;0;0;0;0;0;0;0;737;0;1149;445;486;0;0;0;0;0;0;0;0;0;0;0;0;0;0;0;0;0;0;0;0;0;0
060;BB;Brandenburg an der Havel – Potsdam-Mittelmark I – Havelland III – Teltow-Fläming I;203983;143883;2454;2091;141429;141792;45181;40239;35202;28853;21110;23377;5184;6318;0;0;6776;9528;23504;25075;797;0;0;1208;2782;1692;0;2377;0;219;242;1503;0;0;0;0;0;0;0;82;0;0;0;0;0;0;0;0;0;0;0;576;0;594;269;476;0;0;0;0;0;0;0;0;0;0;0;0;0;0;0;0;0;0;0;0;0;57
061;BB;Potsdam – Potsdam-Mittelmark II – Teltow-Fläming II;226640;179977;2098;1755;177879;178222;42905;43332;46934;32975;29768;32654;14658;17999;0;0;13412;16434;21698;23691;972;0;0;606;2261;1434;0;3382;0;405;4333;3244;0;0;0;0;0;0;0;142;0;0;0;0;0;0;0;0;0;0;0;1011;0;523;298;615;0;0;0;0;0;0;0;0;0;0;0;0;0;0;0;0;0;0;0;0;0;415
062;BB;Dahme-Spreewald – Teltow-Fläming III – Oberspreewald-Lausitz I;248708;187607;3229;2697;184378;184910;56607;49982;36148;32565;30278;29217;8127;8617;0;0;8910;13718;37358;38915;1226;0;0;1468;5032;2652;0;3456;0;314;0;2239;0;0;0;0;0;0;0;90;0;0;0;0;0;0;0;0;0;0;0;610;0;692;341;726;0;0;0;0;0;0;0;0;0;0;0;0;0;0;0;0;0;0;0;0;0;0
063;BB;Frankfurt (Oder) – Oder-Spree;194759;140051;2092;2053;137959;137998;37344;33888;23598;22702;26401;26202;4504;5896;0;0;7008;9241;30261;30477;756;0;1369;1509;2462;1764;0;2520;0;280;2582;2016;0;0;0;0;0;0;398;231;0;0;0;0;0;0;0;0;0;0;0;581;0;365;244;447;0;0;0;0;0;0;0;0;0;0;0;0;0;0;0;0;0;0;0;0;0;911
064;BB;Cottbus – Spree-Neiße;178676;132113;2390;2085;129723;130028;36855;31366;22019;19729;20359;21456;4319;4093;0;0;7426;9941;32776;34905;0;0;0;1437;0;1106;0;2401;0;204;3212;1898;0;0;0;0;0;0;0;124;0;0;0;0;0;0;0;0;0;0;0;584;0;501;296;488;0;0;0;0;0;0;0;0;0;0;0;0;0;0;0;0;0;0;0;0;0;2256
065;BB;Elbe-Elster – Oberspreewald-Lausitz II;168543;123365;2517;2211;120848;121154;35633;33576;20142;18700;19583;18775;3543;3146;0;0;6492;8128;29830;30564;0;0;0;1757;4887;2089;0;1878;0;150;0;1207;0;0;0;0;0;0;0;108;0;0;0;0;0;0;0;0;0;0;0;421;0;0;100;555;0;0;0;0;0;0;0;0;0;0;0;0;0;0;0;0;0;0;0;0;0;738
912;BB;Land;2051559;1512145;23743;21314;1488402;1490831;432157;397839;304896;261822;256497;255721;67253;74971;0;0;75734;105485;289204;301103;4925;0;1369;12993;28547;17762;0;26243;0;2496;17385;19471;0;0;0;0;0;0;772;1277;0;0;0;0;0;0;0;0;0;0;0;6066;0;4668;2514;5068;0;0;0;0;0;0;0;0;0;0;0;0;0;0;0;0;0;0;0;0;0;4995
066;ST;Altmark;165625;111193;1738;1330;109455;109863;35644;36022;20900;18721;20973;20346;3738;3648;0;0;7388;7838;18031;18419;0;0;0;662;1567;888;0;0;0;0;0;970;0;0;0;0;0;0;0;118;0;0;0;0;0;0;0;0;1218;0;0;304;242;0;0;0;0;0;0;0;0;467;0;0;0;0;0;0;0;0;0;0;0;0;0;0;0;1214
067;ST;Börde – Jerichower Land;220786;150499;4551;2411;145948;148088;55110;47566;29174;24053;29616;24555;3540;4236;0;0;11080;11413;0;27905;0;0;9619;1330;7809;2074;0;0;0;0;0;1313;0;0;0;0;0;0;0;151;0;0;0;0;0;0;0;0;2137;0;0;358;213;0;0;0;0;0;0;0;0;784;0;0;0;0;0;0;0;0;0;0;0;0;0;0;0;0
068;ST;Harz;215607;143567;2439;2036;141128;141531;51386;47574;24767;22915;27104;25069;4462;4968;0;0;6923;9902;22792;23860;0;0;0;868;3253;1648;0;0;0;0;0;1344;0;0;0;0;0;0;441;184;0;0;0;0;0;0;0;0;2176;0;0;365;213;0;0;0;0;0;0;0;0;445;0;0;0;0;0;0;0;0;0;0;0;0;0;0;0;0
069;ST;Magdeburg;238060;162894;2338;2117;160556;160777;44021;44616;34877;27513;30299;30056;6417;8564;0;0;10796;12713;24509;26051;0;0;765;937;1739;1282;0;0;0;0;0;2504;0;0;0;0;0;0;461;294;0;0;0;0;0;0;0;4102;3254;0;0;528;793;0;0;0;0;0;0;0;2570;1672;0;0;0;0;0;0;0;0;0;0;0;0;0;0;0;0
070;ST;Dessau – Wittenberg;177005;123466;2067;1722;121399;121744;42781;38751;14806;17360;22086;21102;5607;4299;0;0;6051;8940;23520;24327;0;0;1165;1205;3717;2006;0;0;0;0;0;1094;0;0;0;0;0;0;0;127;0;0;0;0;0;0;0;0;1572;0;0;364;168;0;0;0;0;0;0;0;0;429;0;0;0;0;0;0;0;0;0;0;0;0;0;0;0;1666
071;ST;Anhalt;224401;147946;2754;2407;145192;145539;45843;44620;18687;20289;30757;25887;2854;3455;0;0;9213;10848;32281;32349;0;0;1029;1204;3976;2197;0;0;0;0;0;1111;0;0;0;0;0;0;552;289;0;0;0;0;0;0;0;0;2186;0;0;334;185;0;0;0;0;0;0;0;0;585;0;0;0;0;0;0;0;0;0;0;0;0;0;0;0;0
072;ST;Halle;214668;152467;2192;2173;150275;150294;40690;39833;32053;21196;30530;28892;5475;10457;0;0;10131;13533;26018;26727;0;0;0;764;2607;1449;0;0;0;0;2186;2896;0;0;0;0;0;0;585;372;0;0;0;0;0;0;0;0;2330;0;0;780;683;0;0;0;0;0;0;0;0;382;0;0;0;0;0;0;0;0;0;0;0;0;0;0;0;0
073;ST;Burgenland – Saalekreis;191636;131219;2304;2007;128915;129212;43254;38678;16930;17098;21819;21042;3198;3366;0;0;8538;10132;30112;31781;0;0;1569;1470;3495;1687;0;0;0;0;0;1127;0;0;0;0;0;0;0;134;0;0;0;0;0;0;0;0;1768;0;0;315;207;0;0;0;0;0;0;0;0;407;0;0;0;0;0;0;0;0;0;0;0;0;0;0;0;0
074;ST;Mansfeld;207103;140223;2566;2291;137657;137932;42725;39751;20864;19835;24863;23909;3647;3250;0;0;11091;11236;32864;32982;0;0;1217;1297;0;1161;0;0;0;0;0;1195;0;0;0;0;0;0;0;178;0;0;0;0;0;0;0;0;2074;0;0;414;204;0;0;0;0;0;0;0;0;446;0;0;0;0;0;0;0;0;0;0;0;0;0;0;0;386
915;ST;Land;1854891;1263474;22949;18494;1240525;1244980;401454;377411;213058;188980;238047;220858;38938;46243;0;0;81211;96555;210127;244401;0;0;15364;9737;28163;14392;0;0;0;0;2186;13554;0;0;0;0;0;0;2039;1847;0;0;0;0;0;0;0;4102;18715;0;0;3762;2908;0;0;0;0;0;0;0;2570;5617;0;0;0;0;0;0;0;0;0;0;0;0;0;0;0;3266
075;BE;Berlin-Mitte;206706;151412;2341;1969;149071;149443;27654;27861;35036;26788;30492;32118;26781;25708;0;0;9017;12972;11782;12289;0;1229;0;0;648;336;0;1777;715;272;5342;3811;0;0;0;0;0;0;360;172;203;77;275;66;0;0;0;0;0;0;100;836;919;0;167;372;0;492;0;294;0;0;0;254;0;0;260;0;273;0;0;0;0;0;0;0;0;766
076;BE;Berlin-Pankow;237071;188499;2186;1847;186313;186652;36429;36994;30509;29185;53618;43774;26376;26651;0;0;7890;12321;22487;23315;0;870;0;0;1339;692;0;2477;950;429;5810;4613;0;0;0;0;0;0;0;148;451;126;0;49;0;0;0;0;0;0;97;852;1004;0;261;387;0;936;0;326;0;0;0;323;0;0;537;0;285;0;0;0;0;0;0;0;0;454
077;BE;Berlin-Reinickendorf;182398;137240;2380;2135;134860;135105;49654;41912;31882;27071;10384;11516;10647;12305;0;0;9688;15376;17738;18513;0;682;0;0;0;298;0;1938;0;231;2828;1943;0;0;0;0;0;0;0;83;400;114;0;32;0;0;0;0;0;0;31;319;279;0;44;306;1639;1362;0;165;0;0;0;203;0;0;247;0;135;0;0;0;0;0;0;0;0;0
078;BE;Berlin-Spandau – Charlottenburg Nord;184608;133009;2435;2262;130574;130747;40372;36712;41965;29733;9861;12780;8031;11063;0;0;8292;12927;17551;18481;0;862;0;0;0;377;0;2147;998;386;3224;2247;0;0;0;0;0;0;280;152;0;59;0;33;0;0;0;0;0;0;21;380;310;0;30;331;0;807;0;175;0;0;0;232;0;0;294;0;208;0;0;0;0;0;0;0;0;0
079;BE;Berlin-Steglitz-Zehlendorf;221210;180720;2347;1763;178373;178957;63085;53281;43801;34279;13392;16352;22712;25361;0;0;16159;25461;14549;15824;0;651;0;0;0;332;0;1846;0;289;3681;2143;0;0;0;0;0;0;0;58;555;120;0;19;0;0;0;0;0;0;35;456;496;0;55;296;0;609;0;212;0;0;0;240;0;0;274;0;268;0;0;0;0;439;0;0;0;0
080;BE;Berlin-Charlottenburg-Wilmersdorf;198672;158034;1920;1387;156114;156647;47077;40085;43123;30351;14745;18367;21286;24770;0;0;14426;23280;11722;12374;0;693;0;0;0;203;0;1490;0;222;3292;2110;0;0;0;0;0;0;0;74;443;108;0;20;0;0;0;0;0;0;31;443;442;0;46;264;0;454;0;200;0;0;0;199;0;0;200;0;221;0;0;0;0;0;0;0;0;0
081;BE;Berlin-Tempelhof-Schöneberg;235250;181159;2493;2078;178666;179081;51708;44721;39380;36179;19356;23625;33763;27956;0;0;11362;18569;16188;17108;1691;1179;0;0;0;373;0;2180;0;274;3852;2912;0;0;0;0;0;0;0;113;403;127;197;60;0;0;0;0;0;0;55;601;635;0;94;360;0;793;0;294;0;0;766;374;0;0;250;0;249;0;0;0;0;0;0;0;0;0
082;BE;Berlin-Neukölln;202618;143553;2448;2140;141105;141413;34593;31592;37777;27520;23204;25752;15480;18446;0;0;7255;10891;15105;15904;0;964;262;0;0;220;0;2171;0;208;5048;3490;0;0;0;0;0;0;294;196;260;111;0;30;0;0;0;0;0;0;83;676;724;0;99;366;1191;919;0;335;0;0;0;270;0;0;248;0;198;0;0;0;0;0;636;0;0;0
083;BE;Berlin-Friedrichshain-Kreuzberg – Prenzlauer Berg Ost;223427;173289;1940;1545;171349;171744;20955;23887;29028;27391;42600;49016;45055;35077;0;0;5263;10147;10558;10863;0;1270;0;0;627;323;0;2119;0;281;12345;6042;0;0;0;0;0;0;305;174;0;53;0;37;0;0;0;0;0;672;304;1046;1282;0;217;334;0;474;772;456;0;0;0;324;0;0;304;0;323;0;0;0;0;0;0;0;0;3169
084;BE;Berlin-Treptow-Köpenick;205106;157111;1919;1923;155192;155188;29384;31372;21379;24109;61881;39000;7755;12168;0;0;5831;10067;23245;26278;0;843;460;0;1096;777;0;2283;0;260;3521;3873;0;0;0;0;0;0;322;160;318;146;0;48;0;0;0;0;0;0;61;511;524;0;193;511;0;852;0;204;0;0;0;263;0;0;452;0;233;0;0;0;0;0;0;0;0;0
085;BE;Berlin-Marzahn-Hellersdorf;200704;138992;2207;2053;136785;136939;30480;28620;17172;19797;46782;35698;4440;5621;0;0;4852;7290;28167;29618;0;693;696;0;2010;899;0;2378;0;160;0;2216;0;0;0;0;0;0;0;106;0;95;0;43;0;0;0;0;0;0;20;320;328;0;197;336;1470;1398;0;156;0;0;0;227;0;0;577;0;146;0;0;0;0;0;716;0;0;0
086;BE;Berlin-Lichtenberg;205300;149116;2044;1990;147072;147126;28905;27284;20720;21850;51249;43172;8609;9821;0;0;5018;7745;23119;24603;1314;958;533;0;0;524;0;2609;0;194;4392;3627;0;0;0;0;0;0;282;181;0;62;0;36;0;0;0;0;0;0;73;486;524;0;282;349;0;913;0;215;0;0;0;235;0;1537;1189;0;194;0;0;0;0;0;0;0;0;1394
911;BE;Land;2503070;1892134;26660;23092;1865474;1869042;460296;424321;391772;334253;377564;351170;230935;234947;0;0;105053;167046;212211;225170;3005;10894;1951;0;5720;5354;0;25415;2663;3206;53335;39027;0;0;0;0;0;0;1843;1617;3033;1198;472;473;0;0;0;0;0;672;911;6926;7467;0;1685;4212;4300;10009;772;3032;0;0;766;3144;0;1537;4832;0;2733;0;0;0;0;439;1352;0;0;5783
087;NW;Aachen I;179273;140624;1267;823;139357;139801;47011;38827;45309;34663;12282;14459;13104;17918;0;0;10232;19795;7817;8271;2176;838;0;149;0;251;0;697;1426;608;0;1595;0;0;0;67;0;0;0;55;0;0;0;18;0;0;435;0;0;0;0;182;382;0;28;131;0;0;0;0;0;0;0;0;191;0;64;0;177;0;0;0;0;0;0;0;0;0
088;NW;Aachen II;228248;173149;1973;1542;171176;171607;62405;52656;63135;60539;8785;10105;7782;8436;0;0;11038;19213;15114;14853;1912;806;0;423;0;351;0;1275;1005;488;0;817;0;0;0;133;0;0;0;43;0;0;0;5;0;0;675;0;0;0;0;135;173;0;15;145;0;0;0;0;0;0;0;0;78;0;116;0;127;0;0;0;0;0;0;0;0;0
089;NW;Heinsberg;190051;142330;1726;1440;140604;140890;64121;55605;39301;36421;6424;7909;6964;7281;0;0;9334;16111;11652;12313;1272;669;0;457;1536;737;0;1179;0;123;0;805;0;0;0;137;0;0;0;46;0;0;0;8;0;0;368;0;0;0;0;100;149;0;8;119;0;0;0;0;0;0;0;0;61;0;134;0;150;0;0;0;0;0;0;0;0;0
090;NW;Düren;199675;151595;1757;1461;149838;150134;62711;52412;47543;43816;6611;8809;8235;8198;0;0;8788;17155;13404;14432;1420;789;0;411;1126;500;0;1293;0;142;0;844;0;0;0;170;0;0;0;32;0;0;0;9;0;0;392;0;0;0;0;112;133;0;27;117;0;0;0;0;0;0;0;0;69;0;143;0;129;0;0;0;0;0;0;0;0;0
091;NW;Rhein-Erft-Kreis I;248982;191505;2166;1637;189339;189868;74207;63664;58792;50014;8590;11392;10354;12526;0;0;17648;27398;17113;18091;2306;1032;0;426;0;508;0;1505;0;132;0;1263;0;0;0;238;0;0;0;45;0;0;0;16;0;0;609;0;0;0;0;158;199;0;17;155;0;0;0;0;0;0;0;0;131;0;168;0;181;0;0;0;0;0;0;0;0;329
092;NW;Euskirchen – Rhein-Erft-Kreis II;246753;187796;2221;1600;185575;186196;79493;66503;48592;43498;10835;11403;10689;12447;0;0;18316;27410;17650;18325;0;666;0;452;0;607;0;1707;0;175;0;1256;0;0;0;219;0;0;0;55;0;0;0;12;0;0;304;0;0;0;0;213;206;0;27;200;0;0;0;0;0;0;0;0;89;0;205;0;217;0;0;0;0;0;0;0;0;0
093;NW;Köln I;192574;139718;1522;1087;138196;138631;43683;36565;42799;33666;11898;15271;13535;15800;0;0;10652;18067;11952;12290;0;689;0;224;0;356;0;1068;0;164;3369;1905;0;0;0;136;0;0;308;155;0;0;0;16;0;0;970;0;0;0;0;233;398;0;38;140;0;0;0;0;0;0;0;0;150;0;146;0;184;0;0;0;0;0;0;0;0;0
094;NW;Köln II;240985;197979;1218;901;196761;197078;68657;56165;52880;38485;15704;21100;28716;30630;0;0;17816;33760;9057;9964;0;634;0;107;0;368;0;1072;0;235;3689;2322;0;0;0;97;0;0;242;85;0;0;0;12;0;0;350;0;0;0;0;332;582;0;38;153;0;0;0;0;0;0;0;0;190;0;105;0;292;0;0;0;0;0;0;0;0;0
095;NW;Köln III;203647;150629;1531;1104;149098;149525;41106;36500;48148;36849;14431;19118;19621;20973;0;0;10599;16850;11249;11731;0;704;0;202;0;317;0;1144;0;176;3632;2074;0;0;0;136;0;0;312;126;0;0;0;12;0;0;1156;0;0;0;0;294;468;0;25;170;0;0;0;0;0;0;0;0;146;0;141;0;213;0;0;0;0;0;0;0;0;0
096;NW;Bonn;227583;180439;1498;1231;178941;179208;57330;53334;62377;36119;10193;17133;15056;25197;0;0;18724;28113;10882;13136;857;663;0;147;806;412;0;684;0;253;2617;1950;0;0;0;107;0;0;0;81;0;0;0;22;0;0;325;0;0;0;0;312;431;0;30;206;0;0;0;0;0;0;0;0;211;0;69;0;273;0;0;0;0;0;0;0;0;99
097;NW;Rhein-Sieg-Kreis I;237415;184295;3732;1538;180563;182757;79987;62334;49988;40922;14684;13038;11762;13757;0;0;18768;27267;0;18237;0;771;0;300;0;509;0;1538;0;233;0;1610;0;0;5374;630;0;0;0;73;0;0;0;10;0;0;374;0;0;0;0;211;237;0;18;178;0;0;0;0;0;0;0;0;123;0;181;0;206;0;0;0;0;0;0;0;0;0
098;NW;Rhein-Sieg-Kreis II;216020;174513;1615;1350;172898;173163;80441;61425;39246;34583;9543;11116;13643;15192;0;0;14491;30142;14592;15226;0;596;0;246;0;457;0;1092;0;216;0;1268;0;0;942;337;0;0;0;42;0;0;0;5;0;0;159;0;0;0;0;221;213;0;15;178;0;0;0;0;0;0;0;0;102;0;123;0;209;0;0;0;0;0;0;0;0;0
099;NW;Oberbergischer Kreis;208418;156593;1962;1559;154631;155034;67603;56567;41305;35078;7999;9887;9489;9995;0;0;12123;21353;15648;16413;0;640;0;328;0;386;0;1238;0;253;0;1099;0;0;0;204;0;0;0;52;0;0;0;9;0;0;531;0;0;0;0;153;186;0;16;232;0;0;0;0;0;0;0;0;91;0;175;0;148;0;0;0;0;0;0;0;0;464
100;NW;Rheinisch-Bergischer Kreis;217425;174420;2180;1891;172240;172529;68948;61423;42098;36221;8409;11042;11846;15581;0;0;27049;28787;12476;13777;0;505;0;225;1414;802;0;1286;0;231;0;1173;0;0;0;142;0;0;0;43;0;0;0;10;0;0;296;0;0;0;0;187;205;0;17;175;0;0;0;0;0;0;0;0;97;0;132;0;172;0;0;0;0;0;0;0;0;0
101;NW;Leverkusen – Köln IV;212212;155139;1619;1428;153520;153711;47272;43175;59373;41671;9430;14284;8722;13472;0;0;10114;18719;13408;14970;0;774;0;352;0;373;0;1153;0;155;3990;2102;0;0;0;192;0;0;350;207;0;0;0;28;0;0;1007;0;0;0;0;176;265;0;36;164;0;0;0;0;0;0;0;0;116;0;126;0;194;0;0;0;0;0;0;0;0;861
102;NW;Wuppertal I;208129;149950;1944;1383;148006;148567;43814;39341;46657;38696;13120;16100;10987;12754;0;0;12910;18437;16339;16431;1407;839;0;376;0;320;0;1250;0;183;2536;1504;0;0;0;135;0;0;236;194;0;0;0;12;0;0;816;0;0;0;0;202;228;0;46;252;0;0;0;0;0;0;0;0;151;0;137;0;163;0;0;0;0;0;0;0;0;0
103;NW;Solingen – Remscheid – Wuppertal II;222845;164019;2257;1550;161762;162469;61871;51318;49863;40743;10105;12689;9403;11726;0;0;12548;22947;15303;16221;0;774;0;334;0;331;0;1346;0;164;2403;1331;0;0;0;140;0;0;266;106;0;0;0;18;0;0;1214;0;0;0;0;166;185;0;21;249;0;0;0;0;0;0;0;0;102;0;171;0;173;0;0;0;0;0;0;0;0;0
104;NW;Mettmann I;205244;160315;1765;1150;158550;159165;70762;54126;40819;36596;8647;10216;11014;11796;0;0;13202;25757;14106;15053;0;707;0;266;0;344;0;1294;0;176;0;1071;0;0;0;156;0;0;0;59;0;0;0;17;0;0;571;0;0;0;0;147;178;0;22;167;0;0;0;0;0;0;0;0;107;0;158;0;181;0;0;0;0;0;0;0;0;0
105;NW;Mettmann II;163229;125496;1510;1056;123986;124440;48689;40601;37468;30492;6825;8458;7567;8599;0;0;10795;19691;11143;11926;1451;630;0;252;0;294;0;1186;0;122;0;822;0;0;0;114;0;0;0;73;0;0;0;13;0;0;493;0;0;0;0;98;121;0;15;140;0;0;0;0;0;0;0;0;56;0;118;0;126;0;0;0;0;0;0;0;0;48
106;NW;Düsseldorf I;220764;172947;1560;1037;171387;171910;69273;55052;41903;33493;12611;14675;14408;17148;0;0;21944;33940;10912;12029;0;620;0;204;0;310;0;1024;0;130;0;1417;0;0;0;93;0;0;336;121;0;0;0;14;0;0;444;0;0;0;0;213;328;0;46;163;0;0;0;0;0;0;0;0;138;0;105;0;203;0;0;0;0;0;0;0;0;0
107;NW;Düsseldorf II;193175;143599;1771;1053;141828;142546;47950;40606;38727;33218;18499;14111;11778;14379;0;0;13049;21277;11530;12968;0;628;0;246;0;371;0;1098;0;134;0;1589;0;0;0;124;0;0;295;116;0;0;0;9;0;0;529;0;0;0;0;181;269;0;42;180;0;0;0;0;0;0;0;0;129;0;145;0;197;0;0;0;0;0;0;0;0;0
108;NW;Neuss I;214779;160050;1758;1275;158292;158775;69658;56983;45314;37438;8535;9895;8131;9583;0;0;11471;23585;13675;14887;0;723;0;335;1508;553;0;1313;0;159;0;1225;0;0;0;141;0;0;0;82;0;0;0;13;0;0;848;0;0;0;0;163;222;0;28;158;0;0;0;0;0;0;0;0;102;0;141;0;198;0;0;0;0;0;0;0;0;0
109;NW;Mönchengladbach;190552;132006;1563;1170;130443;130836;57766;46786;31766;30547;8921;9627;7814;8169;0;0;10225;17946;11910;12373;0;582;0;350;0;279;0;1100;0;110;1956;1280;0;0;0;126;0;0;0;85;0;0;0;6;0;0;613;0;0;0;0;130;142;0;22;111;0;0;0;0;0;0;0;0;91;0;118;0;243;0;0;0;0;0;0;0;0;85
110;NW;Krefeld I – Neuss II;201450;155434;1761;1244;153673;154190;65228;54907;39142;34051;7815;9805;10140;10871;0;0;17673;26859;11196;12104;0;634;0;310;0;371;0;1041;0;159;2308;1318;0;0;0;123;0;0;171;82;0;0;0;6;0;0;764;0;0;0;0;135;161;0;20;127;0;0;0;0;0;0;0;0;62;0;117;0;163;0;0;0;0;0;0;0;0;0
111;NW;Viersen;227423;173280;1690;1262;171590;172018;82165;65475;42932;38368;8747;10342;11478;11591;0;0;14233;27576;12035;12841;0;712;0;366;0;433;0;1446;0;149;0;1207;0;0;0;138;0;0;0;52;0;0;0;9;0;0;363;0;0;0;0;151;185;0;29;162;0;0;0;0;0;0;0;0;96;0;163;0;164;0;0;0;0;0;0;0;0;0
112;NW;Kleve;226096;169057;1674;1399;167383;167658;75375;69700;51197;39316;7096;9366;8230;10098;0;0;12692;22687;11019;11621;0;560;0;330;1606;614;0;1170;0;157;0;969;0;0;0;125;0;0;0;63;0;0;0;5;0;0;56;0;0;0;0;135;165;0;15;120;0;0;0;0;0;0;0;0;73;0;142;0;171;0;0;0;0;0;0;0;0;168
113;NW;Wesel I;207178;160344;1663;1246;158681;159098;61849;53623;52085;45627;9461;10637;8763;9743;0;0;12644;19709;13615;14325;0;664;0;361;0;380;0;1223;0;142;0;1136;0;0;0;144;0;0;264;121;0;0;0;10;0;0;405;0;0;0;0;132;159;0;11;156;0;0;0;0;0;0;0;0;71;0;171;0;148;0;0;0;0;0;0;0;0;0
114;NW;Krefeld II – Wesel II;179118;133705;1608;1175;132097;132530;48817;40955;42219;36714;7418;10090;8063;9307;0;0;10769;18032;11294;12186;1433;663;0;251;0;319;0;946;0;111;1846;1248;0;0;0;110;0;0;238;120;0;0;0;10;0;0;669;0;0;0;0;178;143;0;33;164;0;0;0;0;0;0;0;0;47;0;109;0;125;0;0;0;0;0;0;0;0;0
115;NW;Duisburg I;167998;121638;2870;2022;118768;119616;34053;30746;45455;37925;8146;10369;6648;7844;0;0;8289;12491;13648;13549;2012;717;0;439;0;294;0;1110;0;106;0;1353;0;0;0;107;0;0;517;209;0;0;0;19;0;0;1536;0;0;0;0;118;140;0;44;129;0;0;0;0;0;0;0;0;86;0;118;0;167;0;0;0;0;0;0;0;0;0
116;NW;Duisburg II;160204;103704;3396;1912;100308;101792;26522;22830;34799;34695;8885;8546;4622;4493;0;0;7054;8369;16643;15794;0;688;0;594;0;262;0;1068;0;61;0;938;0;0;0;102;0;0;368;213;0;0;0;20;0;0;2483;0;0;0;0;108;104;0;41;116;0;0;0;0;0;0;0;0;52;0;116;0;99;0;0;0;0;0;0;0;0;1415
117;NW;Oberhausen – Wesel III;204816;150312;2191;1451;148121;148861;43077;39085;56987;49165;11331;12373;8349;8228;0;0;9357;14890;18197;18560;0;795;0;508;0;362;0;1422;0;133;0;1284;0;0;0;166;0;0;269;146;0;0;0;24;0;0;942;0;0;0;0;122;131;0;31;115;0;0;0;0;0;0;0;0;86;0;143;0;150;0;0;554;0;0;0;0;0;0
118;NW;Mülheim – Essen I;187746;142858;1794;1207;141064;141651;44219;39847;49226;41731;9210;10546;8690;9465;0;0;12729;18337;16221;16200;0;552;0;309;0;274;0;1297;0;134;0;1234;0;0;0;116;0;0;339;163;0;0;0;27;0;0;570;0;0;0;0;135;179;0;62;117;0;0;0;0;0;0;0;0;79;0;126;0;151;0;0;430;0;0;0;0;0;0
119;NW;Essen II;163326;110369;1615;1154;108754;109215;28912;25606;40601;34727;8555;9524;5846;6746;0;0;7207;10583;17153;16339;0;576;0;378;0;239;0;1088;0;90;0;1224;0;0;0;132;0;0;257;186;0;0;0;8;0;0;935;0;0;0;0;114;172;223;88;128;0;0;0;0;0;0;0;0;77;0;133;0;122;0;0;0;0;0;0;0;0;0
120;NW;Essen III;192918;153336;1232;927;152104;152409;56393;45826;46829;37699;9846;12574;12511;14312;0;0;12639;23068;12306;12735;0;554;0;259;0;292;0;1356;0;173;0;1791;0;0;0;151;0;0;208;134;0;0;0;13;0;0;364;0;0;0;0;173;249;197;89;115;0;0;0;0;0;0;0;0;97;0;134;0;251;0;0;0;0;0;0;0;0;1175
121;NW;Recklinghausen I;169267;123958;1716;1074;122242;122884;37792;35108;47257;38822;8043;8970;6079;7132;0;0;8791;12674;13953;14777;0;540;0;362;0;320;0;1060;0;78;0;1163;0;0;0;138;0;0;327;168;0;0;0;8;0;0;892;0;0;0;0;100;124;0;14;109;0;0;0;0;0;0;0;0;66;0;134;0;125;0;0;0;0;0;0;0;0;0
122;NW;Recklinghausen II;189376;140795;4648;1285;136147;139510;46982;41079;56019;44224;11502;9201;6363;7189;0;0;13903;14759;0;17387;0;667;0;306;0;365;0;1234;0;104;0;887;0;0;0;174;0;0;1378;163;0;0;0;6;0;0;1026;0;0;0;0;111;97;0;25;167;0;0;0;0;0;0;0;0;66;0;150;0;123;0;0;0;0;0;0;0;0;0
123;NW;Gelsenkirchen;175210;119414;1993;1348;117421;118066;29768;26452;45017;39524;7614;8703;5444;5489;0;0;7864;10834;19836;20113;0;550;0;417;1276;461;0;1273;0;109;0;1010;0;0;0;132;0;0;602;384;0;0;0;24;0;0;1904;0;0;0;0;115;100;0;39;86;0;0;0;0;0;0;0;0;75;0;163;0;109;0;0;0;0;0;0;0;0;0
124;NW;Steinfurt I – Borken I;202192;154606;1424;1028;153182;153578;78579;67425;39584;35466;7554;8433;8118;9142;0;0;10082;19339;9265;9719;0;541;0;255;0;368;0;762;0;122;0;883;0;0;0;90;0;0;0;56;0;0;0;7;0;0;290;0;0;0;0;120;120;0;15;130;0;0;0;0;0;0;0;0;72;0;127;0;96;0;0;0;0;0;0;0;0;0
125;NW;Bottrop – Recklinghausen III;202793;151842;1983;1328;149859;150514;50334;44967;55128;47013;9505;10292;6522;7248;0;0;9667;15741;17756;18710;0;667;0;421;0;294;0;1330;0;340;0;1062;0;0;0;160;0;0;256;119;0;0;0;12;0;0;1140;0;0;0;0;107;110;691;337;129;0;0;0;0;0;0;0;0;57;0;143;0;115;0;0;0;0;0;0;0;0;0
126;NW;Borken II;199978;158146;2375;1090;155771;157056;81496;73881;39412;33697;6969;6540;10496;9220;0;0;14216;20609;0;9405;0;441;0;195;3182;553;0;768;0;156;0;711;0;0;0;100;0;0;0;45;0;0;0;13;0;0;123;0;0;0;0;65;99;0;22;104;0;0;0;0;0;0;0;0;76;0;125;0;108;0;0;0;0;0;0;0;0;0
127;NW;Coesfeld – Steinfurt II;192946;156813;2434;987;154379;155826;79677;68636;36250;32787;9577;8394;12680;11667;0;0;16195;21116;0;9496;0;495;0;233;0;248;0;839;0;178;0;841;0;0;0;110;0;0;0;31;0;0;0;7;0;0;50;0;0;0;0;84;150;0;17;130;0;0;0;0;0;0;0;0;65;0;139;0;113;0;0;0;0;0;0;0;0;0
128;NW;Steinfurt III;195571;152541;1364;1158;151177;151383;67678;57215;45797;41815;8520;9692;9857;11026;0;0;8533;17205;9530;10342;0;560;0;259;1124;421;0;794;0;118;0;899;0;0;0;68;0;0;138;68;0;0;0;12;0;0;265;0;0;0;0;105;106;0;20;119;0;0;0;0;0;0;0;0;52;0;113;0;109;0;0;0;0;0;0;0;0;0
129;NW;Münster;232294;191090;1236;964;189854;190126;70606;62276;54778;39714;13024;19287;24248;27739;0;0;13219;25684;8569;9393;1003;712;0;111;0;246;0;781;1027;641;2722;1935;0;0;0;110;0;0;107;64;0;0;0;8;0;0;137;0;0;0;0;218;337;173;66;192;0;0;0;0;0;0;0;0;158;0;95;0;222;0;0;0;0;0;0;0;0;378
130;NW;Warendorf;209604;163531;1945;1387;161586;162144;75017;65357;45094;38992;7738;8997;8968;10815;0;0;11291;21175;11078;12025;0;538;0;271;0;472;0;808;0;153;1886;1056;0;0;0;142;0;0;0;30;0;0;0;13;0;0;622;0;0;0;0;102;90;0;12;153;0;0;0;0;0;0;0;0;69;0;119;0;133;0;0;0;0;0;0;0;0;514
131;NW;Gütersloh I;234272;176708;2082;1681;174626;175027;81298;67175;48942;40104;7582;10595;9992;13817;0;0;11401;22848;13996;15081;0;595;0;329;1415;655;0;975;0;220;0;1081;0;0;0;152;0;0;0;47;0;0;0;10;0;0;454;0;0;0;0;138;130;0;21;178;0;0;0;0;0;0;0;0;77;0;167;0;178;0;0;0;0;0;0;0;0;0
132;NW;Bielefeld – Gütersloh II;246216;186152;2075;1536;184077;184616;56485;50995;61086;46883;16489;20522;17728;20567;0;0;13495;21364;15028;16514;0;938;0;289;0;388;0;1092;0;201;3473;2168;0;0;0;141;0;0;293;142;0;0;0;28;0;0;1039;0;0;0;0;263;293;0;47;235;0;0;0;0;0;0;0;0;125;0;138;0;244;0;0;0;0;0;0;0;0;0
133;NW;Herford – Minden-Lübbecke II;228976;168664;2072;1617;166592;167047;59571;52994;61205;47940;9353;11589;8444;11485;0;0;9411;19186;16633;18098;0;640;0;342;1975;972;0;1222;0;133;0;1002;0;0;0;153;0;0;0;70;0;0;0;8;0;0;408;0;0;0;0;112;127;0;23;159;0;0;0;0;0;0;0;0;73;0;140;0;171;0;0;0;0;0;0;0;0;0
134;NW;Minden-Lübbecke I;204203;151181;1651;1508;149530;149673;53057;49160;55868;43966;7862;9432;7372;9625;0;0;10575;16865;14796;15829;0;626;0;293;0;448;0;947;0;157;0;1052;0;0;0;148;0;0;0;51;0;0;0;4;0;0;228;0;0;0;0;169;121;0;19;156;0;0;0;0;0;0;0;0;79;0;145;0;153;0;0;0;0;0;0;0;0;0
135;NW;Lippe I;227196;171391;2207;1819;169184;169572;61064;52949;54022;46815;9891;11880;11252;12613;0;0;13764;20984;16829;18300;0;747;0;352;2203;1156;0;1147;159;201;0;1128;0;0;0;156;0;0;0;55;0;0;0;7;0;0;227;0;0;0;0;162;118;0;24;219;0;0;0;0;0;0;0;0;73;0;131;0;128;0;0;0;0;0;0;0;0;0
136;NW;Höxter – Gütersloh III – Lippe II;174634;133105;1705;1460;131400;131645;63213;52382;32564;30883;6331;7566;6630;7434;0;0;8779;16651;12130;12635;155;482;0;287;886;541;0;810;712;293;0;714;0;0;0;99;0;0;0;14;0;0;0;11;0;0;203;0;0;0;0;122;70;0;10;144;0;0;0;0;0;0;0;0;42;0;131;0;121;0;0;0;0;0;0;0;0;0
137;NW;Paderborn;229056;171804;1660;1396;170144;170408;91163;69450;33516;31904;8926;11433;10305;12628;0;0;9188;22800;15380;16893;1666;741;0;269;0;420;0;962;0;198;0;1167;0;0;0;158;0;0;0;39;0;0;0;13;0;0;267;0;0;0;0;153;179;0;9;277;0;0;0;0;0;0;0;0;106;0;145;0;197;0;0;0;0;0;0;0;0;0
138;NW;Hagen – Ennepe-Ruhr-Kreis I;207384;150044;1745;1250;148299;148794;44948;42972;58206;43548;8045;10743;5752;8673;0;0;11727;18722;16716;17622;0;683;0;457;0;410;0;1533;0;154;0;1202;0;0;0;182;0;0;278;174;0;0;0;15;0;0;824;0;0;0;0;120;136;0;41;153;0;0;0;0;0;0;0;0;104;0;177;0;149;0;0;0;0;0;0;0;0;2627
139;NW;Ennepe-Ruhr-Kreis II;178506;137632;3256;1208;134376;136424;44273;37284;49333;40767;10804;11092;11538;11142;0;0;14175;17270;0;13190;3565;881;0;264;0;291;0;1239;0;183;0;1158;0;0;0;143;0;0;688;158;0;0;0;9;0;0;452;0;0;0;0;163;198;0;46;133;0;0;0;0;0;0;0;0;80;0;135;0;146;0;0;0;0;0;0;0;0;0
140;NW;Bochum I;206460;156941;1924;1237;155017;155704;43773;39580;57655;46243;15462;15953;11937;13862;0;0;10923;17449;14775;15190;0;765;0;408;0;302;0;1418;0;180;0;1924;0;0;0;138;0;0;492;167;0;0;0;14;0;0;904;0;0;0;0;219;270;0;45;155;0;0;0;0;0;0;0;0;143;0;158;0;217;0;0;0;0;0;0;0;0;0
141;NW;Herne – Bochum II;179247;127974;2230;1484;125744;126490;30361;29629;52672;43312;10064;10860;6992;7414;0;0;8448;11560;16799;17001;0;788;0;510;0;321;0;1435;0;131;0;1234;0;0;0;135;0;0;408;201;0;0;0;27;0;0;1106;0;0;0;0;159;129;0;23;122;0;0;0;0;0;0;0;0;83;0;177;0;133;0;0;0;0;0;0;0;0;0
142;NW;Dortmund I;211316;156097;1571;1174;154526;154923;44228;37967;59990;46424;11874;15506;11281;14702;0;0;9063;17193;14644;15197;2091;1041;0;456;993;437;0;1304;0;162;0;2137;0;0;0;156;0;0;362;176;0;0;0;20;0;0;838;0;0;0;0;229;266;0;52;149;0;0;0;0;0;0;0;0;120;0;163;0;228;0;0;0;0;0;0;0;0;0
143;NW;Dortmund II;203300;143834;1945;1418;141889;142416;39933;34822;55038;46513;12242;12924;9047;10190;0;0;9031;15403;15074;15510;0;835;0;460;1524;527;0;1297;0;111;0;1532;0;0;0;148;0;0;0;116;0;0;0;13;0;0;1030;0;0;0;0;163;203;0;57;140;0;0;0;0;0;0;0;0;97;0;173;0;152;0;0;0;0;0;0;0;0;0
144;NW;Unna I;197873;150831;1446;1251;149385;149580;47452;40697;58019;50205;8048;10313;9600;10254;0;0;9635;17196;13558;14689;1565;804;0;463;941;561;0;1376;0;115;0;1146;0;0;0;165;0;0;161;88;0;0;0;20;0;0;717;0;0;0;0;97;122;0;19;143;0;0;0;0;0;0;0;0;76;0;166;0;148;0;0;0;0;0;0;0;0;406
145;NW;Hamm – Unna II;235213;171524;1956;1789;169568;169735;59700;51475;61717;53467;9949;11837;7409;8938;0;0;9970;17678;17713;19068;1871;944;0;547;1239;605;0;1336;0;110;0;1170;0;0;0;173;0;0;0;110;0;0;0;17;0;0;1384;0;0;0;0;134;141;0;38;144;0;0;0;0;0;0;0;0;72;0;194;0;153;0;0;0;0;0;0;0;0;0
146;NW;Soest;232301;174364;1872;1290;172492;173074;73595;62764;50458;43184;9756;11702;9459;10723;0;0;13681;23296;15311;16165;0;634;0;310;0;387;0;1207;0;149;0;1183;0;0;0;159;0;0;0;40;0;0;0;11;0;0;184;0;0;0;0;168;183;0;28;168;0;0;0;0;0;0;0;0;78;0;176;0;175;0;0;0;0;0;0;0;0;232
147;NW;Hochsauerlandkreis;202768;154014;1399;1200;152615;152814;73185;63651;41047;34865;6452;8183;6476;7198;0;0;12893;21919;11115;12216;0;530;0;324;1447;841;0;930;0;139;0;906;0;0;0;141;0;0;0;47;0;0;0;2;0;0;268;0;0;0;0;100;98;0;13;119;0;0;0;0;0;0;0;0;47;0;156;0;121;0;0;0;0;0;0;0;0;0
148;NW;Siegen-Wittgenstein;212912;162306;1605;1347;160701;160959;64484;54648;48560;42551;9554;12624;6885;8857;0;0;11742;19125;15728;17154;0;566;0;411;0;410;0;1116;1002;578;2190;1442;0;0;0;145;0;0;0;41;0;0;0;7;0;0;492;0;0;0;0;122;131;0;33;142;0;0;0;0;0;0;0;0;93;0;130;0;141;0;0;0;0;0;0;0;0;556
149;NW;Olpe – Märkischer Kreis I;206716;152542;1782;1253;150760;151289;72158;61394;39699;35269;7197;8205;5170;6866;0;0;13230;20758;13306;13847;0;631;0;417;0;371;0;975;0;319;0;828;0;0;0;140;0;0;0;40;0;0;0;13;0;0;482;0;0;0;0;101;128;0;27;139;0;0;0;0;0;0;0;0;61;0;151;0;127;0;0;0;0;0;0;0;0;0
150;NW;Märkischer Kreis II;200546;145474;3381;1252;142093;144222;53714;49061;54890;37193;11113;9427;5356;7060;0;0;15221;19328;0;16688;0;604;0;352;0;421;0;1262;0;134;0;931;0;0;0;187;0;0;0;56;0;0;0;14;0;0;729;0;0;0;0;130;138;0;15;133;0;0;0;0;0;0;0;0;59;0;189;0;111;0;0;0;0;0;0;0;0;1799
905;NW;Land;13174577;9938461;124291;85084;9814170;9853377;3756952;3214013;3073698;2557876;626631;736904;641360;744970;0;0;787235;1293052;799777;928425;28162;43580;0;21287;26201;27788;0;73941;5331;12044;38617;81576;0;0;6316;9631;0;0;10466;6425;0;0;0;818;0;0;41251;0;0;0;0;9971;12202;1284;2217;9859;0;0;0;0;0;0;0;0;5991;0;9043;0;10513;0;0;984;0;0;0;0;0;11156
151;SN;Nordsachsen;163916;118170;1732;1607;116438;116563;38207;34321;16248;14519;20028;17173;3070;3021;0;0;7641;9189;31244;31301;0;397;0;1789;0;1273;0;1714;0;167;0;891;0;0;0;0;0;0;0;99;0;60;0;0;0;0;0;0;0;0;0;340;155;0;0;0;0;0;0;0;0;0;0;0;0;0;0;0;154;0;0;0;0;0;0;0;0;0
152;SN;Leipzig I;220654;161407;1626;1477;159781;159930;43919;37622;26330;20674;31132;31137;8735;11300;0;0;9074;13565;32702;33291;0;850;0;1169;1876;1443;0;2877;0;330;4173;3205;0;0;0;0;0;0;0;247;550;241;334;0;0;0;0;0;0;0;0;876;770;0;0;0;0;0;0;0;0;0;0;0;0;0;0;0;333;0;0;0;0;0;0;0;0;956
153;SN;Leipzig II;227718;175198;1562;1414;173636;173784;42778;38111;23787;22725;43948;39058;17273;18154;0;0;10052;14866;25968;27774;1325;967;0;678;2034;1302;0;2555;0;376;5191;4203;0;0;0;0;0;0;407;258;380;199;0;0;0;0;0;0;0;0;0;1175;884;0;0;0;0;0;0;0;0;0;0;0;0;0;0;0;499;0;0;0;0;0;0;0;0;493
154;SN;Leipzig-Land;215616;161321;2317;1930;159004;159391;54152;47944;18221;18139;24801;23368;6219;5157;0;0;10048;12859;45563;42823;0;505;0;1793;0;1580;0;2298;0;251;0;1366;0;0;0;0;0;0;0;168;0;100;0;0;0;0;0;0;0;0;0;510;297;0;0;0;0;0;0;0;0;0;0;0;0;0;0;0;233;0;0;0;0;0;0;0;0;0
155;SN;Meißen;201310;152988;2056;2075;150932;150913;55326;39406;13486;13148;19122;20111;5051;5531;0;0;7991;13156;46765;49615;0;579;1928;2279;0;1585;0;2119;0;389;0;1398;0;0;0;0;0;0;0;119;1263;312;0;0;0;0;0;0;0;0;0;601;330;0;0;0;0;0;0;0;0;0;0;0;0;0;0;0;235;0;0;0;0;0;0;0;0;0
156;SN;Bautzen I;213990;161319;2443;2477;158876;158842;48579;42995;15836;14378;24221;22597;3247;3768;0;0;9247;12122;52770;52041;0;602;0;2371;3562;2569;0;2171;0;435;0;1356;0;0;0;0;0;0;0;138;635;233;0;0;0;0;0;0;0;0;0;559;312;0;0;0;0;0;0;0;0;0;0;0;0;0;0;0;195;0;0;0;0;0;0;0;0;779
157;SN;Görlitz;213021;156089;2446;2369;153643;153720;48256;41000;16801;14249;20853;21534;4995;4476;0;0;7661;10810;49834;50551;0;516;0;2337;3521;2464;0;2285;0;368;0;1444;0;0;0;0;0;0;0;128;1722;362;0;0;0;0;0;0;0;0;0;658;290;0;0;0;0;0;0;0;0;0;0;0;0;0;0;0;248;0;0;0;0;0;0;0;0;0
158;SN;Sächsische Schweiz-Osterzgebirge;202580;156342;2443;1967;153899;154375;44354;39581;11100;12040;22614;19708;4575;4643;0;0;9933;12795;57554;54749;0;483;0;2875;0;2186;0;1975;0;456;0;1278;0;0;0;0;0;0;0;119;2319;437;0;0;0;0;0;0;0;0;0;533;300;0;0;0;0;0;0;0;0;0;0;0;0;0;0;0;217;0;0;0;0;0;0;0;0;1450
159;SN;Dresden I;232636;182849;2202;1731;180647;181118;44388;44104;23906;19246;37936;31004;11765;13936;0;0;13590;18610;40380;41812;1861;1209;991;1284;0;1371;0;2203;1481;1002;3680;3022;0;0;0;0;0;0;0;155;669;320;0;0;0;0;0;0;0;0;0;811;700;0;0;0;0;0;0;0;0;0;0;0;0;0;0;0;329;0;0;0;0;0;0;0;0;0
160;SN;Dresden II – Bautzen II;235464;186818;2125;1654;184693;185164;47185;42792;20593;17977;32397;32040;15839;16588;0;0;12843;17684;41202;43126;2697;1501;1160;1372;2768;1927;0;2530;2141;1100;4997;3850;0;0;0;0;0;0;372;255;499;219;0;0;0;0;0;0;0;0;0;1041;758;0;0;0;0;0;0;0;0;0;0;0;0;0;0;0;404;0;0;0;0;0;0;0;0;0
161;SN;Mittelsachsen;201629;150648;1974;1759;148674;148889;48230;41189;17782;14487;20785;21582;4626;4112;0;0;8652;11767;46827;46522;0;651;0;1967;0;1549;0;1960;0;350;0;1442;0;0;0;0;0;0;0;154;1772;384;0;0;0;0;0;0;0;0;0;346;253;0;0;0;0;0;0;0;0;0;0;0;0;0;0;0;174;0;0;0;0;0;0;0;0;0
162;SN;Chemnitz;195929;147218;1665;1347;145553;145871;38653;36270;22413;17373;28213;28010;6157;6818;0;0;9535;12184;34958;35456;1403;874;0;1149;0;1068;0;2042;0;308;3432;2746;0;0;0;0;0;0;0;156;789;255;0;0;0;0;0;0;0;0;0;478;407;0;0;0;0;0;0;0;0;0;0;0;0;0;0;0;277;0;0;0;0;0;0;0;0;0
163;SN;Chemnitzer Umland – Erzgebirgskreis II;183483;138891;2221;1708;136670;137183;48012;41947;14142;14524;23174;20972;4609;3850;0;0;10345;10542;36388;36746;0;513;0;1686;0;1838;0;1830;0;289;0;1471;0;0;0;0;0;0;0;103;0;86;0;0;0;0;0;0;0;0;0;349;265;0;0;0;0;0;0;0;0;0;0;0;0;0;0;0;172;0;0;0;0;0;0;0;0;0
164;SN;Erzgebirgskreis I;220917;166701;3149;2730;163552;163971;56716;50759;14707;15452;24808;23090;4334;3661;0;0;11820;12106;49465;47952;0;531;0;2727;0;2343;0;2354;0;378;0;1424;0;0;0;0;0;0;0;121;0;98;0;0;0;0;0;0;0;0;0;493;269;0;0;0;0;0;0;0;0;0;0;0;0;0;0;0;213;0;0;0;0;0;0;0;0;1702
165;SN;Zwickau;207606;150950;7570;2121;143380;148829;48347;45106;18219;16131;36881;24665;6513;4327;0;0;19181;11253;0;38964;0;463;0;1302;0;1674;0;2162;0;299;0;1408;0;0;0;0;0;0;0;202;0;105;0;0;0;0;0;0;0;0;0;326;230;0;0;0;0;0;0;0;0;0;0;0;0;0;0;0;212;0;0;0;0;0;0;0;0;14239
166;SN;Vogtlandkreis;193081;142775;2420;1914;140355;140861;49104;42604;15538;16043;21809;22578;5292;4266;0;0;7836;10154;36428;37217;0;415;0;1437;0;1299;0;2046;0;311;0;1495;0;0;0;0;0;0;0;144;0;79;0;0;0;0;0;0;0;0;0;355;255;0;0;0;0;0;0;0;0;0;0;0;0;0;0;0;163;0;0;0;0;0;0;0;0;4348
914;SN;Land;3329550;2509684;39951;30280;2469733;2479404;756206;665751;289109;261105;432722;398627;112300;113608;0;0;165449;203662;628048;669940;7286;11056;4079;28215;13761;27471;0;35121;3622;6809;21473;31999;0;0;0;0;0;0;779;2566;10598;3490;334;0;0;0;0;0;0;0;0;9451;6475;0;0;0;0;0;0;0;0;0;0;0;0;0;0;0;4058;0;0;0;0;0;0;0;0;23967
167;HE;Waldeck;186825;142852;2214;2119;140638;140733;47269;42232;49341;43446;8600;9891;8062;9660;0;0;9930;13918;15438;16411;0;497;0;442;1910;1268;0;1329;0;127;0;900;0;0;0;0;0;0;0;45;0;17;0;0;0;0;0;0;0;0;0;203;0;0;17;175;0;0;0;0;0;0;0;0;0;0;0;0;155;0;0;0;0;0;0;0;0;88
168;HE;Kassel;222451;167855;2577;2452;165278;165403;44425;41736;58759;46769;14472;18677;15466;18935;0;0;9759;15046;16501;17288;1222;794;0;417;1311;1003;0;1590;0;224;2180;1589;0;0;0;0;0;0;313;184;0;29;0;0;0;0;0;0;0;0;0;488;0;0;59;360;0;0;0;0;0;0;0;0;0;0;0;0;215;0;0;0;0;0;0;0;0;870
169;HE;Werra-Meißner – Hersfeld-Rotenburg;175992;133726;2494;2659;131232;131067;39302;38531;54033;42737;7281;8746;5236;7843;0;0;6594;11096;16411;17173;0;430;0;608;2375;1229;0;1031;0;135;0;854;0;0;0;0;0;0;0;35;0;27;0;0;0;0;0;0;0;0;0;202;0;0;33;210;0;0;0;0;0;0;0;0;0;0;0;0;147;0;0;0;0;0;0;0;0;0
170;HE;Schwalm-Eder;188074;145743;2656;2691;143087;143052;43514;41795;53892;44847;7852;9270;8003;9436;0;0;9298;13118;17198;18504;0;519;0;652;3330;1968;0;1287;0;128;0;935;0;0;0;0;0;0;0;26;0;20;0;0;0;0;0;0;0;0;0;180;0;0;33;173;0;0;0;0;0;0;0;0;0;0;0;0;161;0;0;0;0;0;0;0;0;0
171;HE;Marburg;183296;142365;1799;1579;140566;140786;46888;42377;50214;37202;11557;14420;8989;13088;0;0;6044;12191;14378;16125;0;527;0;357;2005;950;0;1148;0;312;0;1296;0;0;0;0;0;0;0;45;0;33;0;0;0;0;0;0;0;0;0;297;0;0;64;180;0;0;0;0;0;0;0;0;0;0;0;0;174;0;0;0;0;0;0;0;0;491
172;HE;Lahn-Dill;208744;155002;2448;2201;152554;152801;58417;51125;45375;37794;7116;10210;8909;10768;0;0;9590;14821;17874;20931;0;534;773;897;1789;1564;0;1437;0;361;2024;1429;0;0;0;0;0;0;0;40;0;31;0;0;0;0;0;0;0;0;0;234;0;0;53;399;0;0;0;0;0;0;0;0;0;0;0;0;173;0;0;0;0;0;0;0;0;687
173;HE;Gießen;217806;166621;2463;2308;164158;164313;57610;49518;46216;39252;10346;13798;13619;15898;0;0;12641;16926;18918;20358;0;654;603;751;3190;2170;0;1572;0;384;0;1967;0;0;0;0;0;0;405;109;0;44;0;0;0;0;0;0;0;0;0;271;0;234;119;254;0;0;0;0;0;0;0;0;0;0;0;0;268;0;0;0;0;0;0;0;0;376
174;HE;Fulda;209966;161981;2682;3299;159299;158682;71946;61811;32150;28745;7669;9266;8874;10593;0;0;8437;17122;27990;25145;0;427;576;663;1657;1178;0;1318;0;346;0;1189;0;0;0;0;0;0;0;36;0;25;0;0;0;0;0;0;0;0;0;277;0;0;30;295;0;0;0;0;0;0;0;0;0;0;0;0;216;0;0;0;0;0;0;0;0;0
175;HE;Main-Kinzig – Wetterau II – Schotten;179307;138193;2324;2167;135869;136026;49479;43147;38462;32069;8007;8938;7346;9614;0;0;8326;14144;20172;20927;0;549;1212;1249;2865;1590;0;1668;0;249;0;1142;0;0;0;0;0;0;0;37;0;42;0;0;0;0;0;0;0;0;0;208;0;0;22;222;0;0;0;0;0;0;0;0;0;0;0;0;209;0;0;0;0;0;0;0;0;0
176;HE;Hochtaunus;181516;146315;2055;1706;144260;144609;57579;48436;33201;28947;8556;9562;12884;14074;0;0;14954;21713;15075;16132;0;476;0;388;2011;1090;0;1751;0;218;0;1079;0;0;0;0;0;0;0;31;0;26;0;0;0;0;0;0;0;0;0;238;0;0;24;202;0;0;0;0;0;0;0;0;0;0;0;0;222;0;0;0;0;0;0;0;0;0
177;HE;Wetterau I;176435;138853;1932;1633;136921;137220;49891;43951;39773;31152;6719;9249;11368;13002;0;0;11047;17462;14987;15895;0;544;719;811;2417;1299;0;1632;0;229;0;1199;0;0;0;0;0;0;0;24;0;27;0;0;0;0;0;0;0;0;0;233;0;0;23;249;0;0;0;0;0;0;0;0;0;0;0;0;239;0;0;0;0;0;0;0;0;0
178;HE;Rheingau-Taunus – Limburg;220342;173627;2289;2002;171338;171625;71555;59346;43427;35604;9394;11069;12020;15273;0;0;13053;22650;17439;20399;0;556;0;443;4450;1794;0;1827;0;238;0;1447;0;0;0;0;0;0;0;40;0;30;0;0;0;0;0;0;0;0;0;318;0;0;32;265;0;0;0;0;0;0;0;0;0;0;0;0;294;0;0;0;0;0;0;0;0;0
179;HE;Wiesbaden;189372;139775;1810;1546;137965;138229;47309;40022;39396;29247;10558;13160;12321;16286;0;0;9693;18400;14417;15496;841;578;0;222;1467;943;0;1196;0;297;1963;1360;0;0;0;0;0;0;0;75;0;54;0;0;0;0;0;0;0;0;0;341;0;0;26;273;0;0;0;0;0;0;0;0;0;0;0;0;253;0;0;0;0;0;0;0;0;0
180;HE;Hanau;177469;134190;2131;1867;132059;132323;46656;39126;40185;31150;7715;10006;8054;11345;0;0;8418;15185;16907;18626;0;568;540;636;1679;1024;0;2008;0;240;1905;1237;0;0;0;0;0;0;0;58;0;32;0;0;0;0;0;0;0;0;0;231;0;0;72;515;0;0;0;0;0;0;0;0;0;0;0;0;264;0;0;0;0;0;0;0;0;0
181;HE;Main-Taunus;197291;160647;2122;1788;158525;158859;66490;54902;34527;28786;7887;9504;14458;16752;0;0;17224;26571;15319;16395;0;561;0;337;2620;1293;0;1500;0;340;0;1173;0;0;0;0;0;0;0;33;0;26;0;0;0;0;0;0;0;0;0;216;0;0;24;222;0;0;0;0;0;0;0;0;0;0;0;0;224;0;0;0;0;0;0;0;0;0
182;HE;Frankfurt am Main I;199775;144841;1792;1614;143049;143227;43663;37221;38704;29743;13934;17179;15596;19475;0;0;13185;19989;12892;13342;969;692;0;315;1307;725;0;1399;0;266;2493;1755;0;0;0;0;0;0;209;134;0;31;97;0;0;0;0;0;0;0;0;331;0;0;53;325;0;0;0;0;0;0;0;0;0;0;0;0;252;0;0;0;0;0;0;0;0;0
183;HE;Frankfurt am Main II;223942;172393;1824;1620;170569;170773;55221;45731;44240;33511;15523;20059;23026;26415;0;0;13877;24336;13033;13737;1226;762;0;265;1026;736;0;1577;0;295;3221;2065;0;0;0;0;0;0;176;114;0;30;0;0;0;0;0;0;0;0;0;435;0;0;91;250;0;0;0;0;0;0;0;0;0;0;0;0;364;0;0;0;0;0;0;0;0;0
184;HE;Groß-Gerau;174727;133318;2461;2138;130857;131180;45963;39950;42342;33318;8729;10755;8877;11862;0;0;7358;12645;14805;15943;0;962;0;403;2507;1387;0;1463;0;201;0;1192;0;0;0;0;0;0;276;124;0;42;0;0;0;0;0;0;0;0;0;244;0;0;81;386;0;0;0;0;0;0;0;0;0;0;0;0;222;0;0;0;0;0;0;0;0;0
185;HE;Offenbach;220194;163580;2597;2286;160983;161294;58565;49302;40106;34519;12435;14261;14246;16421;0;0;12420;20372;18047;19050;1586;945;0;429;3056;1363;0;1642;0;285;0;1564;0;0;0;0;0;0;0;77;0;38;0;0;0;0;0;0;0;0;0;354;0;0;56;322;0;0;0;0;0;0;0;0;0;0;0;0;294;0;0;522;0;0;0;0;0;0
186;HE;Darmstadt;242622;192508;2733;2133;189775;190375;58216;52218;56442;42638;16146;19508;26939;27317;0;0;11739;20893;17227;18654;0;1352;0;450;2576;1192;0;1820;0;534;0;2280;0;0;0;0;0;0;490;186;0;39;0;0;0;0;0;0;0;0;0;483;0;0;64;409;0;0;0;0;0;0;0;0;0;0;0;0;338;0;0;0;0;0;0;0;0;0
187;HE;Odenwald;234422;184974;3143;2745;181831;182229;65654;59635;52761;42516;11138;13433;14181;16084;0;0;13139;19948;21347;22258;0;833;0;624;2651;1514;0;2091;0;379;0;1587;0;0;0;0;0;0;0;117;0;30;0;0;0;0;0;0;0;0;0;293;0;0;135;409;0;0;0;0;0;0;0;0;0;0;0;0;343;0;0;0;0;0;0;0;0;960
188;HE;Bergstraße;198418;156082;2343;1988;153739;154094;59781;51088;41408;34435;8511;10197;11747;13595;0;0;11711;18196;19153;19923;0;688;0;545;0;1227;0;1793;0;254;0;1261;0;0;0;0;0;0;0;57;0;48;0;0;0;0;0;0;0;0;0;243;0;0;27;298;0;0;0;0;0;0;0;0;0;0;0;0;219;0;0;0;0;0;0;0;0;1428
906;HE;Land;4408986;3395441;50889;46541;3344552;3348900;1185393;1033200;974954;788427;220145;271158;270221;323736;0;0;238437;386742;375528;398712;5844;14448;4423;11904;48199;28507;0;34079;0;6042;13786;30500;0;0;0;0;0;0;1869;1627;0;721;97;0;0;0;0;0;0;0;0;6320;0;234;1138;6393;0;0;0;0;0;0;0;0;0;0;0;0;5246;0;0;522;0;0;0;0;0;4900
189;TH;Eichsfeld – Nordhausen – Kyffhäuserkreis;216673;158339;2264;2410;156075;155929;59318;52667;22320;21652;23848;22613;3992;4778;0;0;7633;11974;33402;32854;0;503;0;2473;2869;2167;0;0;1929;1166;0;1474;0;0;0;0;0;0;0;153;0;0;0;0;0;0;0;0;0;0;0;865;0;0;0;349;0;0;0;0;0;0;0;0;0;0;0;0;241;0;0;0;0;0;0;0;0;764
190;TH;Eisenach – Wartburgkreis – Unstrut-Hainich-Kreis;219822;161171;2298;2244;158873;158927;54657;47735;24176;22899;24607;24879;4990;5523;0;0;7983;11399;33644;35402;0;666;3168;2983;4963;3152;0;0;0;552;0;1844;0;0;0;0;0;0;685;367;0;0;0;0;0;0;0;0;0;0;0;615;0;0;0;605;0;0;0;0;0;0;0;0;0;0;0;0;306;0;0;0;0;0;0;0;0;0
191;TH;Jena – Sömmerda – Weimarer Land I;203210;155210;2315;1854;152895;153356;44684;42092;21668;19150;32680;28312;7544;9497;0;0;8939;13310;29451;30426;0;790;0;1660;5612;2815;0;0;0;653;0;2841;0;0;0;0;0;0;0;164;0;0;0;0;0;0;0;0;0;0;0;641;0;0;0;531;0;0;0;0;0;0;0;0;0;0;0;0;474;0;0;0;0;0;0;0;0;2317
192;TH;Gotha – Ilm-Kreis;196466;146721;2461;2180;144260;144541;41744;40144;26892;20210;22462;22699;4769;5365;0;0;8721;11122;34524;34818;0;725;0;1808;5148;2671;0;0;0;535;0;2630;0;0;0;0;0;0;0;190;0;0;0;0;0;0;0;0;0;0;0;454;0;0;0;825;0;0;0;0;0;0;0;0;0;0;0;0;345;0;0;0;0;0;0;0;0;0
193;TH;Erfurt – Weimar – Weimarer Land II;221922;168235;2310;2077;165925;166158;45305;42168;30257;23535;30948;32239;11722;12666;0;0;9975;14260;28960;30166;1668;1143;0;1129;1858;1598;0;0;1541;1084;3691;3715;0;0;0;0;0;0;0;240;0;0;0;0;0;0;0;0;0;0;0;951;0;0;0;663;0;0;0;0;0;0;0;0;0;0;0;0;601;0;0;0;0;0;0;0;0;0
194;TH;Gera – Greiz – Altenburger Land;240738;176933;2820;2541;174113;174392;52980;47690;20627;19845;32573;30402;3652;4709;0;0;9712;14315;47558;47275;0;733;0;2060;3620;2508;0;0;0;629;0;2056;0;0;0;0;0;0;0;194;0;0;0;0;0;0;0;0;0;0;0;523;0;0;0;728;0;0;0;0;0;0;0;0;0;0;0;1201;725;0;0;0;0;0;0;0;0;2190
195;TH;Saalfeld-Rudolstadt – Saale-Holzland-Kreis – Saale-Orla-Kreis;227191;170493;2511;2108;167982;168385;51954;47445;19585;20259;28714;27874;5690;5093;0;0;10248;13107;44422;43318;0;731;0;2049;5676;3276;0;0;0;726;0;2473;0;0;0;0;0;0;0;235;0;0;0;0;0;0;0;0;0;0;0;648;0;0;0;727;0;0;0;0;0;0;0;0;0;0;0;0;424;0;0;0;0;0;0;0;0;1693
196;TH;Suhl – Schmalkalden-Meiningen – Hildburghausen – Sonneberg;240992;174950;2406;2190;172544;172760;57871;52317;23277;23482;31362;29194;4560;5709;0;0;8368;11642;39505;39810;1176;766;25;1921;3961;2944;0;0;1822;1053;0;2099;0;0;0;0;0;0;608;359;0;0;0;0;0;0;0;0;0;0;0;610;0;0;0;520;0;0;0;0;0;0;0;0;0;0;0;0;334;0;0;0;0;0;0;0;0;9
916;TH;Land;1767014;1312052;19385;17604;1292667;1294448;408513;372258;188802;171032;227194;218212;46919;53340;0;0;71579;101129;291466;294069;2844;6057;3193;16083;33707;21131;0;0;5292;6398;3691;19132;0;0;0;0;0;0;1293;1902;0;0;0;0;0;0;0;0;0;0;0;5307;0;0;0;4948;0;0;0;0;0;0;0;0;0;0;0;1201;3450;0;0;0;0;0;0;0;0;6973
197;RP;Neuwied;239284;181607;3402;2547;178205;179060;76933;68357;50996;45447;9521;11338;9449;10738;0;0;10898;18071;16954;19273;0;726;0;480;3285;1982;0;0;0;374;0;1495;0;0;0;0;0;0;169;86;0;0;0;0;0;0;0;0;0;0;0;297;0;0;0;0;0;0;0;0;0;0;0;0;0;0;0;0;396;0;0;0;0;0;0;0;0;0
198;RP;Ahrweiler;195618;151587;1992;1598;149595;149989;64006;60937;40944;34113;6790;8519;8616;10059;0;0;12981;17397;13105;14437;1268;623;0;415;0;1134;0;0;0;367;0;1297;0;0;0;0;0;0;0;37;0;0;0;0;0;0;0;0;0;0;0;267;0;0;0;0;0;0;0;0;0;0;0;0;0;0;0;0;387;0;0;0;0;0;0;0;0;1885
199;RP;Koblenz;196999;151153;2144;1524;149009;149629;61594;56616;42777;35679;7693;10332;9273;11862;0;0;9732;16152;12153;13701;1058;741;0;252;2623;1627;0;0;0;302;1723;1715;0;0;0;0;0;0;0;38;0;0;0;0;0;0;0;0;0;0;0;242;0;0;0;0;0;0;0;0;0;0;0;0;0;0;0;0;370;0;0;0;0;0;0;0;0;383
200;RP;Mosel/Rhein-Hunsrück;172876;135519;2691;1815;132828;133704;58596;55606;33477;30799;7040;8143;6465;7487;0;0;11544;14924;10834;11996;0;464;0;306;3741;1708;0;0;1131;491;0;1182;0;0;0;0;0;0;0;32;0;0;0;0;0;0;0;0;0;0;0;217;0;0;0;0;0;0;0;0;0;0;0;0;0;0;0;0;349;0;0;0;0;0;0;0;0;0
201;RP;Kreuznach;185172;139908;2114;1697;137794;138211;50975;47189;43373;37906;7610;9493;6750;8629;0;0;9342;13654;14914;16198;0;487;0;366;3629;1910;0;0;1201;492;0;1316;0;0;0;0;0;0;0;31;0;0;0;0;0;0;0;0;0;0;0;222;0;0;0;0;0;0;0;0;0;0;0;0;0;0;0;0;318;0;0;0;0;0;0;0;0;0
202;RP;Bitburg;164480;126879;2497;1831;124382;125048;63719;55591;32017;27255;6786;7433;0;7710;0;0;8703;12888;8840;10058;0;377;0;232;2927;1627;0;0;1390;477;0;952;0;0;0;0;0;0;0;24;0;0;0;0;0;0;0;0;0;0;0;182;0;0;0;0;0;0;0;0;0;0;0;0;0;0;0;0;242;0;0;0;0;0;0;0;0;0
203;RP;Trier;192846;151551;2213;1670;149338;149881;56611;55882;50283;36950;9842;12934;9645;13512;0;0;7910;13841;10414;11926;0;605;213;242;1617;1418;0;0;0;338;1869;1590;0;0;0;0;0;0;0;37;0;0;0;0;0;0;0;0;0;0;0;245;0;0;0;0;0;0;0;0;0;0;0;0;0;0;0;0;361;0;0;0;0;0;0;0;0;934
204;RP;Montabaur;210114;163520;4823;1761;158697;161759;68727;60594;47312;39906;11098;9576;8225;10058;0;0;14543;17703;0;17826;0;688;0;421;8792;2445;0;0;0;275;0;1500;0;0;0;0;0;0;0;34;0;0;0;0;0;0;0;0;0;0;0;308;0;0;0;0;0;0;0;0;0;0;0;0;0;0;0;0;425;0;0;0;0;0;0;0;0;0
205;RP;Mainz;248996;202534;2215;1655;200319;200879;71535;65713;56184;44203;12904;17148;21685;26415;0;0;13813;22608;14542;16535;1504;1195;0;260;2111;1506;0;0;2355;1755;2963;2486;0;0;0;0;0;0;0;62;0;0;0;0;0;0;0;0;0;0;0;481;0;0;0;0;0;0;0;0;0;0;0;0;0;0;0;0;512;0;0;0;0;0;0;237;0;486
206;RP;Worms;213627;169793;2617;2128;167176;167665;68685;54721;44569;42471;8539;10811;11280;13449;0;0;10058;17543;18902;21978;0;780;511;644;2687;2045;0;0;1030;705;0;1623;0;0;0;0;0;0;0;62;0;0;0;0;0;0;0;0;0;0;0;362;0;0;0;0;0;0;0;0;0;0;0;0;0;0;0;0;471;0;110;0;0;0;0;0;0;805
207;RP;Ludwigshafen/Frankenthal;215595;161867;2686;2410;159181;159457;51168;49226;50740;39822;8979;10614;8700;11621;0;0;11910;16321;23109;24641;0;978;0;667;4163;2418;0;0;0;322;0;1796;0;0;0;0;0;0;412;190;0;0;0;0;0;0;0;0;0;0;0;384;0;0;0;0;0;0;0;0;0;0;0;0;0;0;0;0;457;0;0;0;0;0;0;0;0;0
208;RP;Neustadt – Speyer;220550;176425;2704;2088;173721;174337;69504;61407;44032;37894;8207;10537;13156;15389;0;0;11734;19251;20593;22070;0;774;0;559;5929;3683;0;0;0;363;0;1539;0;0;0;0;0;0;0;67;0;0;0;0;0;0;0;0;0;0;0;329;0;0;0;0;0;0;0;0;0;0;0;0;0;0;0;0;475;0;261;0;0;0;0;305;0;0
209;RP;Kaiserslautern;229114;172316;2937;2552;169379;169764;53022;49400;57482;47986;12277;13548;8618;11360;0;0;9256;15519;21378;23206;0;930;0;811;4820;3558;0;0;0;343;2526;2187;0;0;0;0;0;0;0;32;0;0;0;0;0;0;0;0;0;0;0;355;0;0;0;0;0;0;0;0;0;0;0;0;0;0;0;0;529;0;0;0;0;0;0;0;0;0
210;RP;Pirmasens;177687;135065;2830;2349;132235;132716;48719;47455;38028;32794;8019;9511;5544;6156;0;0;8846;11803;16989;18652;0;628;771;833;3430;2388;0;0;0;264;1889;1573;0;0;0;0;0;0;0;45;0;0;0;0;0;0;0;0;0;0;0;223;0;0;0;0;0;0;0;0;0;0;0;0;0;0;0;0;391;0;0;0;0;0;0;0;0;0
211;RP;Südpfalz;217633;172369;2358;1962;170011;170407;68588;59309;44224;37293;8018;10975;13500;14788;0;0;10209;17560;20932;23191;0;796;0;537;4540;2814;0;0;0;462;0;1706;0;0;0;0;0;0;0;65;0;0;0;0;0;0;0;0;0;0;0;391;0;0;0;0;0;0;0;0;0;0;0;0;0;0;0;0;520;0;0;0;0;0;0;0;0;0
907;RP;Land;3080591;2392093;40223;29587;2351870;2362506;932382;848003;676438;570518;133323;160912;140906;179233;0;0;161479;245235;223659;265688;3830;10792;1495;7025;54294;32263;0;0;7107;7330;10970;23957;0;0;0;0;0;0;581;842;0;0;0;0;0;0;0;0;0;0;0;4505;0;0;0;0;0;0;0;0;0;0;0;0;0;0;0;0;6203;0;371;0;0;0;0;542;0;4493
212;BY;Altötting;168221;126786;1248;876;125538;125910;0;0;15479;15511;6060;6659;7584;8608;68435;55417;7070;11209;16486;18330;0;422;0;295;0;3172;0;1078;3637;1685;0;814;0;1718;0;0;0;0;0;13;787;136;0;0;0;0;0;0;0;0;0;130;127;0;9;216;0;0;0;0;0;0;0;0;0;0;176;0;185;0;0;0;0;0;0;0;0;0
213;BY;Erding – Ebersberg;198198;163357;1109;755;162248;162602;0;0;24131;19943;6418;8352;16607;17768;78212;63525;11889;19407;16689;19366;0;621;0;268;0;4669;0;1552;4418;2054;0;1146;3884;2644;0;0;0;0;0;21;0;23;0;0;0;0;0;0;0;0;0;183;298;0;19;260;0;0;0;0;0;0;0;0;0;0;197;0;286;0;0;0;0;0;0;0;0;0
214;BY;Freising;235746;186647;1470;1015;185177;185632;0;0;24916;23029;9265;9506;17439;18036;79545;73650;13400;19308;23222;25178;0;768;0;485;11878;7076;0;1792;3250;1805;0;1467;2262;2017;0;0;0;0;0;35;0;17;0;0;0;0;0;0;0;0;0;218;319;0;18;364;0;0;0;0;0;0;0;0;0;0;221;0;323;0;0;0;0;0;0;0;0;0
215;BY;Fürstenfeldbruck;232125;190769;1469;922;189300;189847;0;0;35454;25929;7699;9633;17244;20886;82602;75621;13661;22005;19352;21934;0;636;0;295;5882;4545;0;1773;3018;1790;0;1270;3080;1946;0;0;0;0;0;44;0;22;0;0;0;0;0;0;0;0;0;279;343;0;28;322;0;0;0;0;0;0;0;0;0;0;219;0;327;0;0;0;0;0;0;0;0;1308
216;BY;Ingolstadt;238605;184059;1587;1214;182472;182845;0;0;24799;24424;8817;9830;11515;13205;90383;76236;9310;17154;23720;27673;0;631;0;520;7093;5562;0;1278;2656;1755;1859;1294;2200;1898;0;0;0;0;120;61;0;23;0;0;0;0;0;0;0;0;0;165;202;0;19;270;0;0;0;0;0;0;0;0;0;0;248;0;397;0;0;0;0;0;0;0;0;0
217;BY;München-Nord;226436;174196;1075;668;173121;173528;0;0;45068;28903;10351;14302;22726;29334;55811;49953;16669;26241;13216;14982;0;750;0;135;2752;1869;0;1354;2893;1419;2188;1590;1168;874;0;0;0;0;160;79;119;38;0;0;0;0;0;0;0;0;0;360;541;0;40;266;0;0;0;0;0;0;0;0;0;0;174;0;324;0;0;0;0;0;0;0;0;0
218;BY;München-Ost;239169;186913;1226;745;185687;186168;0;0;39621;29744;11655;14124;28278;29866;68255;58483;16451;27459;13822;15959;0;787;0;158;3223;2111;0;1530;2693;1546;0;1576;1390;942;0;0;0;0;0;79;299;43;0;0;0;0;0;0;0;0;0;366;563;0;56;262;0;0;0;0;0;0;0;0;0;0;159;0;355;0;0;0;0;0;0;0;0;0
219;BY;München-Süd;216725;170483;1086;659;169397;169824;0;0;39873;27500;12611;14694;23343;29560;55894;50686;15332;22587;12921;14578;0;719;0;144;2803;1982;0;1467;2679;1458;2415;1655;1190;890;0;0;0;0;164;79;172;50;0;0;0;0;0;0;0;0;0;378;625;0;30;241;0;0;0;0;0;0;0;0;0;0;157;0;344;0;0;0;0;0;0;0;0;0
220;BY;München-West/Mitte;241282;193399;1322;778;192077;192621;0;0;44283;30617;13569;16638;31385;35605;64014;57322;17369;26356;12852;14895;0;797;0;170;3450;1956;0;1560;3033;1650;0;1823;1690;1073;0;0;0;0;0;52;225;71;0;0;0;0;0;0;0;0;0;417;728;0;58;266;0;0;0;0;0;0;0;0;0;0;179;0;388;0;0;0;0;0;0;0;0;207
221;BY;München-Land;235172;197265;1129;900;196136;196365;0;0;31943;27490;7708;9996;26890;24837;85347;73189;18312;30054;16458;18470;0;742;0;184;6250;3705;0;1903;3228;1630;0;1295;0;1276;0;0;0;0;0;26;0;28;0;0;0;0;0;0;0;0;0;268;423;0;30;266;0;0;0;0;0;0;0;0;0;0;255;0;298;0;0;0;0;0;0;0;0;0
222;BY;Rosenheim;235170;186492;1544;1035;184948;185457;0;0;21890;20967;7036;9449;17307;18571;84981;75178;13750;20311;23988;25697;1073;602;0;285;6177;4426;0;1643;4053;2157;0;1041;4495;3425;0;0;0;0;0;36;198;87;0;0;0;0;0;0;0;0;0;277;322;0;50;379;0;0;0;0;0;0;0;0;0;0;227;0;327;0;0;0;0;0;0;0;0;0
223;BY;Bad Tölz-Wolfratshausen – Miesbach;165527;132612;1358;795;131254;131817;0;0;14792;14457;6922;6486;17786;13605;62465;54786;10702;16343;13025;15391;0;412;0;213;0;3459;0;1142;0;1063;0;629;5562;2710;0;0;0;0;0;19;0;22;0;0;0;0;0;0;0;0;0;182;276;0;10;259;0;0;0;0;0;0;0;0;0;0;158;0;195;0;0;0;0;0;0;0;0;0
224;BY;Starnberg – Landsberg am Lech;213628;177013;1334;747;175679;176266;0;0;29308;22332;6983;9594;20864;23111;73948;67512;16893;24950;15607;17460;2024;601;0;242;4264;2863;0;1531;3119;1620;0;1072;2253;1792;0;0;0;0;0;25;0;23;0;0;0;0;0;0;0;0;0;330;343;0;19;347;0;0;0;0;0;0;0;0;0;0;178;0;321;0;0;0;0;0;0;0;0;416
225;BY;Traunstein;208466;160615;1390;1046;159225;159569;0;0;25659;18916;7144;8508;12972;14680;80056;71196;9034;14614;16276;19191;0;443;0;349;0;3811;0;1212;3537;1690;0;789;4547;2924;0;0;0;0;0;16;0;22;0;0;0;0;0;0;0;0;0;175;229;0;22;361;0;0;0;0;0;0;0;0;0;0;184;0;237;0;0;0;0;0;0;0;0;0
226;BY;Weilheim;167159;134333;1295;766;133038;133567;0;0;19722;15402;6229;7214;12066;12753;63784;57254;9370;13909;13383;16145;0;352;0;227;0;2876;0;1186;4629;2145;0;724;3855;2225;0;0;0;0;0;22;0;14;0;0;0;0;0;0;0;0;0;186;204;0;15;292;0;0;0;0;0;0;0;0;0;0;162;0;260;0;0;0;0;0;0;0;0;0
227;BY;Deggendorf;166659;119455;1064;701;118391;118754;0;0;20612;16915;4955;5892;5342;5528;52167;48182;4707;8968;20438;22765;0;241;0;489;6563;4785;0;927;0;824;0;374;3607;2258;0;0;0;0;0;18;0;16;0;0;0;0;0;0;0;0;0;86;96;0;8;118;0;0;0;0;0;0;0;0;0;0;106;0;158;0;0;0;0;0;0;0;0;0
228;BY;Landshut;245315;189425;1698;1235;187727;188190;0;0;25511;24653;6749;9081;12356;13687;74299;74186;15991;19013;23538;27438;0;604;0;495;22000;10425;0;1718;3907;2096;0;960;3376;2488;0;0;0;0;0;30;0;22;0;0;0;0;0;0;0;0;0;234;256;0;29;223;0;0;0;0;0;0;0;0;0;0;235;0;317;0;0;0;0;0;0;0;0;0
229;BY;Passau;177387;131350;1179;779;130171;130571;0;0;24611;19709;6246;7357;7248;8393;61835;52937;7900;11918;18328;20967;0;318;0;394;0;3146;0;1054;4003;1698;0;587;0;1270;0;0;0;0;0;15;0;15;0;0;0;0;0;0;0;0;0;143;131;0;13;151;0;0;0;0;0;0;0;0;0;0;170;0;185;0;0;0;0;0;0;0;0;0
230;BY;Rottal-Inn;173163;127840;1272;825;126568;127015;0;0;18142;16207;4971;5699;6219;6647;56767;54087;8931;11563;19081;21024;0;285;0;372;6408;4896;0;1063;3203;2041;0;476;2846;1928;0;0;0;0;0;11;0;19;0;0;0;0;0;0;0;0;0;112;103;0;10;161;0;0;0;0;0;0;0;0;0;0;160;0;151;0;0;0;0;0;0;0;0;0
231;BY;Straubing;173953;129424;1374;1215;128050;128209;0;0;21525;17512;4766;5590;4602;5846;60976;53712;5670;10308;19261;23576;0;281;0;583;5875;5410;0;946;2749;1647;0;441;2626;1700;0;0;0;0;0;19;0;7;0;0;0;0;0;0;0;0;0;86;95;0;15;164;0;0;0;0;0;0;0;0;0;0;122;0;149;0;0;0;0;0;0;0;0;0
232;BY;Amberg;215876;169507;1657;1302;167850;168205;0;0;25580;26080;7461;8948;11612;11997;80075;71720;8388;12854;18790;21550;0;475;0;666;10184;7103;0;1536;2851;1747;0;928;1835;1450;0;0;0;0;0;48;0;18;0;0;0;0;0;0;0;0;0;187;184;0;21;242;0;0;0;0;0;0;0;0;0;0;222;0;229;0;0;0;0;0;0;0;1074;0
233;BY;Regensburg;247794;194824;1835;1090;192989;193734;0;0;32392;28112;11600;13096;18135;20108;77207;73135;12014;17415;22677;24928;1637;769;0;408;12441;8066;0;1668;4533;1910;0;1343;0;1337;0;0;0;0;0;31;0;31;0;0;0;0;0;0;0;0;0;226;282;0;42;264;0;0;0;0;0;0;0;0;0;0;231;0;332;0;0;353;0;0;0;0;0;0
234;BY;Schwandorf;221540;166505;3519;1297;162986;165208;0;0;38931;26592;8090;7502;6380;7526;78743;68412;7632;10912;598;28703;19;452;0;660;15977;8586;0;1316;3690;1427;0;609;0;1631;0;0;0;0;0;31;0;15;0;0;0;0;0;0;0;0;0;110;145;0;16;166;0;0;0;0;0;0;0;0;0;0;198;0;199;0;0;6;0;0;0;0;0;2920
235;BY;Weiden;168415;130514;2323;1172;128191;129342;0;0;28614;24631;5677;6204;4553;6426;59285;55691;5269;8479;0;17411;0;352;0;494;7295;5061;0;966;1613;960;0;580;3103;1293;0;0;0;0;0;22;0;14;0;0;0;0;0;0;0;0;0;113;97;0;17;143;0;0;0;0;0;0;0;0;0;0;196;0;192;0;0;0;0;0;0;0;0;12782
236;BY;Bamberg;182513;145222;1089;801;144133;144421;0;0;29475;22529;7504;9351;13194;14279;60675;56138;9364;13776;16603;18392;0;480;0;566;4203;3425;0;1305;1942;947;0;1303;821;622;0;0;0;0;352;110;0;25;0;0;0;0;0;0;0;0;0;204;234;0;16;285;0;0;0;0;0;0;0;0;0;0;188;0;246;0;0;0;0;0;0;0;0;0
237;BY;Bayreuth;163934;127222;1051;693;126171;126529;0;0;26785;23198;5476;7022;8936;9994;58665;53063;8368;11369;11845;13566;0;373;0;386;4434;3441;0;1015;0;532;1662;1194;0;347;0;0;0;0;0;24;0;12;0;0;0;0;0;0;0;0;0;138;156;0;15;177;0;0;0;0;0;0;0;0;0;0;189;0;318;0;0;0;0;0;0;0;0;0
238;BY;Coburg;159654;123200;1507;1021;121693;122179;0;0;32163;27553;6305;6895;7129;8155;55078;48410;5877;9967;12763;14208;0;387;583;560;0;2449;0;1135;1659;637;0;829;0;236;0;0;0;0;136;71;0;13;0;0;0;0;0;0;0;0;0;107;156;0;12;131;0;0;0;0;0;0;0;0;0;0;138;0;130;0;0;0;0;0;0;0;0;0
239;BY;Hof;167552;126918;1060;1126;125858;125792;0;0;29641;27775;5560;7185;5936;6989;59182;48772;4716;9890;14893;16605;957;498;0;565;3362;3301;0;1284;0;381;1253;1260;0;343;0;0;0;0;0;34;0;18;0;0;0;0;0;0;0;0;0;184;147;0;16;172;0;0;0;0;0;0;0;0;0;0;176;0;197;358;0;0;0;0;0;0;0;0
240;BY;Kulmbach;170897;135072;1395;1160;133677;133912;0;0;21494;23675;5057;6431;5880;7966;74105;58112;5381;10335;15497;17997;0;421;0;742;4199;3560;0;1203;2064;932;0;1006;0;514;0;0;0;0;0;51;0;10;0;0;0;0;0;0;0;0;0;150;153;0;17;247;0;0;0;0;0;0;0;0;0;0;199;0;191;0;0;0;0;0;0;0;0;0
241;BY;Ansbach;243760;185955;2052;1537;183903;184418;0;0;33755;31464;11179;12208;13946;16239;81431;74425;7661;13825;19396;21734;0;812;0;788;11980;6252;0;1585;4244;2131;0;1209;0;494;0;0;0;0;0;36;0;21;0;0;0;0;0;0;0;0;0;176;178;0;25;292;0;0;0;0;0;0;0;0;0;0;291;0;233;0;0;311;0;0;0;0;0;0
242;BY;Erlangen;186411;152568;929;714;151639;151854;0;0;31649;26208;8892;11410;16586;20238;64783;54204;8977;15363;12211;14516;1354;690;0;405;4524;3443;0;1207;2650;1297;0;1298;13;291;0;0;0;0;0;71;0;18;0;0;0;0;0;0;0;0;0;221;309;0;19;225;0;0;0;0;0;0;0;0;0;0;144;0;277;0;0;0;0;0;0;0;0;0
243;BY;Fürth;249810;194222;1674;1360;192548;192862;0;0;44371;36459;13052;15147;18681;20164;76543;67682;10354;17155;20427;22470;0;849;0;632;8324;4961;0;2070;0;1227;0;1706;796;619;0;0;0;0;0;47;0;20;0;0;0;0;0;0;0;0;0;253;362;0;43;325;0;0;0;0;0;0;0;0;0;0;322;0;349;0;0;0;0;0;0;0;0;0
244;BY;Nürnberg-Nord;192214;146205;1282;902;144923;145303;0;0;37068;26456;14511;16962;18463;21909;45340;40106;10379;15412;13398;14503;0;809;0;311;3058;1824;0;1595;2342;1254;0;2076;0;251;0;0;0;0;364;124;0;18;0;0;0;0;0;0;0;0;0;353;448;0;108;253;0;0;0;0;0;0;0;0;0;0;203;0;328;0;0;0;0;0;0;0;0;0
245;BY;Nürnberg-Süd;181809;132085;1410;1107;130675;130978;0;0;34621;27467;10772;11640;10163;12166;46511;40882;7632;11199;17270;18679;0;664;0;513;3706;2192;0;1629;0;888;0;1253;0;353;0;0;0;0;0;66;0;17;0;0;0;0;0;0;0;0;0;259;263;0;55;282;0;0;0;0;0;0;0;0;0;0;259;0;252;0;0;0;0;0;0;0;0;0
246;BY;Roth;227560;185895;1709;1341;184186;184554;0;0;37920;34040;8887;11635;14465;18033;81874;69743;8583;15990;18925;21317;2070;851;0;557;9191;6080;0;1914;2271;1206;0;1257;0;488;0;0;0;0;0;36;0;22;0;0;0;0;0;0;0;0;0;227;249;0;30;343;0;0;0;0;0;0;0;0;0;0;256;0;280;0;0;0;0;0;0;0;0;0
247;BY;Aschaffenburg;183362;144938;2048;1508;142890;143430;0;0;23660;25198;6833;8699;13144;13432;68708;55009;11381;15610;14985;16642;0;464;0;470;0;2423;0;1327;2798;1096;0;1235;0;404;0;0;0;0;344;105;0;20;0;0;0;0;0;0;0;0;0;202;201;0;25;306;0;0;0;0;0;0;0;0;0;0;238;0;324;0;0;0;0;0;0;0;0;1037
248;BY;Bad Kissingen;216030;171202;1795;1300;169407;169902;0;0;32383;26904;9071;10085;11980;11359;86603;75788;9534;15084;17753;19650;0;610;0;926;0;4075;0;1428;2083;1089;0;1078;0;494;0;0;0;0;0;38;0;26;0;0;0;0;0;0;0;0;0;195;188;0;16;313;0;0;0;0;0;0;0;0;0;0;283;0;273;0;0;0;0;0;0;0;0;0
249;BY;Main-Spessart;196183;157206;1829;1238;155377;155968;0;0;35148;28903;7515;8562;11050;11939;72406;65245;7708;13720;14075;16856;0;491;0;453;5488;4511;0;1379;1987;951;0;1055;0;344;0;0;0;0;0;52;0;21;0;0;0;0;0;0;0;0;0;184;170;0;19;343;0;0;0;0;0;0;0;0;0;0;255;0;515;0;0;0;0;0;0;0;0;0
250;BY;Schweinfurt;199041;156159;1890;1218;154269;154941;0;0;26346;26163;12091;10422;11466;11717;73901;63674;9506;13789;17198;18905;0;540;0;566;0;3684;0;1532;1973;889;0;1002;1525;654;0;0;0;0;263;125;0;20;0;0;0;0;0;0;0;0;0;163;165;0;17;407;0;0;0;0;0;0;0;0;0;0;236;0;271;0;0;0;0;0;0;0;0;0
251;BY;Würzburg;225998;182961;1664;1054;181297;181907;0;0;33929;32126;10130;12931;25359;23719;76515;67585;14592;18813;13872;15764;0;646;0;391;0;2633;0;1836;3072;1233;3828;2049;0;323;0;0;0;0;0;60;0;16;0;0;0;0;0;0;0;0;0;314;351;0;27;464;0;0;0;0;0;0;0;0;0;0;217;0;409;0;0;0;0;0;0;0;0;0
252;BY;Augsburg-Stadt;210528;153228;1586;1174;151642;152054;0;0;29285;24112;12850;13649;21062;18782;52769;48420;9191;15149;20170;21015;0;936;0;334;3204;2302;0;1592;2375;1243;0;1697;0;714;0;0;0;0;406;145;330;81;0;0;0;0;0;0;0;0;0;319;355;0;41;335;0;0;0;0;0;0;0;0;0;0;218;0;615;0;0;0;0;0;0;0;0;0
253;BY;Augsburg-Land;245699;196554;1792;1213;194762;195341;0;0;27551;24980;7165;9623;14638;17250;92942;80669;11864;20373;24056;26741;0;711;0;527;12756;6407;0;1882;3790;1928;0;1078;0;1479;0;0;0;0;0;46;0;31;0;0;0;0;0;0;0;0;0;235;258;0;28;362;0;0;0;0;0;0;0;0;0;0;259;0;474;0;0;0;0;0;0;0;0;0
254;BY;Donau-Ries;193895;150348;1391;1018;148957;149330;0;0;26824;20549;6264;6801;9607;10299;70080;64800;7433;13632;19022;21889;0;510;0;638;7703;5265;0;1188;2024;1075;0;654;0;1075;0;0;0;0;0;26;0;14;0;0;0;0;0;0;0;0;0;127;133;0;20;192;0;0;0;0;0;0;0;0;0;0;201;0;242;0;0;0;0;0;0;0;0;0
255;BY;Neu-Ulm;239647;182045;1669;1270;180376;180775;0;0;26419;24828;7855;9274;16519;14898;80503;72104;10780;18627;24612;27327;1287;858;0;853;9222;5142;0;1750;2391;1652;0;1007;0;871;0;0;0;0;0;39;0;33;0;0;0;0;0;0;0;0;0;268;217;0;28;377;0;0;0;0;0;0;0;0;0;0;285;0;337;0;0;0;0;0;0;0;788;0
256;BY;Oberallgäu;226604;176437;1240;1092;175197;175345;0;0;21451;21725;8264;10130;16162;19792;88357;72855;12262;18935;16825;18529;0;577;0;365;7805;5156;0;1614;2233;1607;0;929;1838;1289;0;0;0;0;0;40;0;28;0;0;0;0;0;0;0;0;0;559;229;0;18;431;0;0;0;0;0;0;0;0;0;0;211;0;326;0;0;0;0;0;0;0;0;0
257;BY;Ostallgäu;247539;191581;1692;1412;189889;190169;0;0;21610;23044;10153;10387;16537;16214;93430;79932;10627;19898;24018;25384;0;629;0;532;6445;5112;0;1553;3813;2789;0;949;2660;2123;0;0;0;0;0;35;0;24;0;0;0;0;0;0;0;0;0;345;219;0;24;424;0;0;0;0;0;0;0;0;0;0;227;0;325;0;0;0;0;0;0;0;596;0
909;BY;Land;9522371;7441006;69317;47796;7371689;7393210;0;0;1336404;1130931;384368;450803;661356;722116;3255487;2869688;477884;751248;773542;916300;10421;26866;583;20611;250119;199198;0;66218;119103;66801;13205;51607;62622;58037;0;0;0;0;2309;2213;2130;1284;0;0;0;0;0;0;0;0;0;10394;12073;0;1213;12689;0;0;0;0;0;0;0;0;0;0;9529;0;13391;358;0;670;0;0;0;0;2458;18670
258;BW;Stuttgart I;194368;160834;1157;849;159677;159985;51118;46243;20512;23350;10409;14830;47430;31283;0;0;13399;26203;10646;11455;1438;1006;0;114;0;480;1576;1063;721;498;1755;1602;0;0;0;0;0;0;215;144;86;0;0;0;0;14;0;0;203;0;0;404;432;0;53;250;0;0;0;0;0;0;0;136;0;0;0;0;222;0;0;0;0;0;0;0;0;372
259;BW;Stuttgart II;182501;139180;1343;1153;137837;138027;46166;40109;25469;23458;12321;12553;21850;21071;0;0;11903;19210;14345;14899;1354;991;0;181;0;561;1807;1286;613;444;1549;1394;0;0;0;0;0;0;347;253;113;0;0;0;0;27;0;0;254;0;0;403;284;0;43;307;0;0;0;0;0;0;0;149;0;0;0;0;150;0;0;0;0;0;0;0;0;0
260;BW;Böblingen;245678;196557;2271;1657;194286;194900;75323;68991;38053;30296;9715;10434;23206;24746;0;0;24867;29510;21842;22874;0;1028;0;487;0;1429;0;1361;0;469;0;1262;0;0;0;0;0;0;346;157;0;0;0;0;0;55;0;0;371;0;0;244;336;0;26;380;0;0;0;0;0;0;0;215;0;0;0;0;229;0;0;0;0;0;0;0;0;934
261;BW;Esslingen;168715;135479;1361;1094;134118;134385;53665;44748;25697;22579;7853;8361;20501;19565;0;0;11657;18512;14390;14692;0;708;0;290;0;992;0;1243;0;314;0;979;0;0;0;0;0;0;355;171;0;0;0;0;0;27;0;0;266;0;0;223;202;0;8;187;0;0;0;0;0;0;0;140;0;0;0;0;178;0;0;0;0;0;0;0;0;0
262;BW;Nürtingen;207044;168052;1765;1443;166287;166609;65566;56105;31655;25190;7978;9132;24540;23673;0;0;16390;24922;19833;20544;0;811;0;373;0;1189;0;1544;0;411;0;1107;0;0;0;0;0;0;325;121;0;0;0;0;0;68;0;0;317;0;0;226;293;0;15;259;0;0;0;0;0;0;0;148;0;0;0;0;161;0;0;0;0;0;0;0;0;0
263;BW;Göppingen;178409;137585;2115;1637;135470;135948;50892;45290;29730;23924;5994;6882;16420;16749;0;0;12492;17188;19588;19956;0;801;0;372;0;907;0;1246;0;344;0;898;0;0;0;0;0;0;354;136;0;0;0;0;0;43;0;0;296;0;0;187;153;0;25;221;0;0;0;0;0;0;0;158;0;0;0;0;172;0;0;0;0;0;0;0;0;0
264;BW;Waiblingen;222891;178340;1933;1447;176407;176893;64958;58372;33898;28146;8626;9881;21542;21539;0;0;23568;28617;21863;22870;0;1092;0;403;0;1036;0;1555;1661;697;0;963;0;0;0;0;0;0;291;143;0;0;0;0;0;25;0;0;431;0;0;222;240;0;21;285;0;0;0;0;0;0;0;168;0;0;0;0;187;0;0;0;0;0;0;0;0;0
265;BW;Ludwigsburg;218074;175304;1769;1317;173535;173987;66430;58003;30971;28547;9487;10451;24702;24000;0;0;17691;25538;20157;19780;0;882;0;333;3644;1503;0;1274;0;522;0;1229;0;0;0;0;0;0;453;223;0;0;0;0;0;42;0;0;410;0;0;276;256;0;23;266;0;0;0;0;0;0;0;182;0;0;0;0;247;0;0;0;0;0;0;0;0;0
266;BW;Neckar-Zaber;229280;186362;1980;1525;184382;184837;73689;60898;36327;30472;8453;9719;23092;24282;0;0;16191;27145;23215;24212;0;771;0;574;3128;1818;0;1444;0;555;0;1197;0;0;0;0;0;0;287;125;0;0;0;0;0;66;0;0;425;0;0;222;219;0;12;260;0;0;0;0;0;0;0;212;0;0;0;0;209;0;0;0;0;0;0;0;0;0
267;BW;Heilbronn;242553;185705;2595;2419;183110;183286;64591;58755;42455;32489;8448;10520;14920;19016;0;0;17566;23872;28575;30089;0;728;0;835;1896;1281;0;1236;1210;758;2167;1530;0;0;0;0;0;0;302;181;0;0;0;0;248;141;0;0;442;0;0;200;222;0;24;470;0;0;0;0;0;0;0;271;0;0;0;0;226;0;0;0;0;0;0;0;0;732
268;BW;Schwäbisch Hall – Hohenlohe;225785;171760;1900;1965;169860;169795;68717;58215;31406;27472;7314;9594;21468;20512;0;0;14252;21629;22894;24827;1610;870;0;783;0;896;0;1072;1934;1098;0;979;0;0;0;0;0;0;265;121;0;0;0;0;0;52;0;0;380;0;0;195;190;0;36;363;0;0;0;0;0;0;0;220;0;0;0;0;291;0;0;0;0;0;0;0;0;0
269;BW;Backnang – Schwäbisch Gmünd;176968;136717;1916;1406;134801;135311;55595;47588;26971;22298;7581;7999;15216;15482;0;0;10882;16717;17788;19438;0;719;489;462;0;690;0;1189;0;465;0;859;0;0;0;0;0;0;279;91;0;0;0;0;0;44;0;0;248;0;0;210;205;0;22;265;0;0;0;0;0;0;0;159;0;0;0;0;161;0;0;0;0;0;0;0;0;0
270;BW;Aalen – Heidenheim;221853;170191;2605;1975;167586;168216;77752;64217;35164;31341;8678;9233;16123;18427;0;0;10218;17707;18447;20616;0;609;822;655;0;1061;0;1217;0;550;0;1000;0;0;0;0;0;0;382;125;0;0;0;0;0;66;0;0;321;0;0;221;188;0;79;204;0;0;0;0;0;0;0;206;0;0;0;0;173;0;0;0;0;0;0;0;0;0
271;BW;Karlsruhe-Stadt;208868;162139;1633;1228;160506;160911;45821;44776;37924;27044;12155;15452;28268;29408;0;0;13829;19251;16073;16741;0;999;0;188;0;600;2412;1595;0;438;2899;2179;0;0;0;0;0;0;250;142;0;0;0;0;151;78;0;0;346;0;0;442;505;0;33;263;0;0;0;0;0;0;0;191;0;0;0;0;240;0;0;0;0;0;0;0;0;724
272;BW;Karlsruhe-Land;209741;168801;2061;1675;166740;167126;67396;59137;32886;28591;7627;9119;19076;20489;0;0;15138;21441;19512;20887;0;660;0;309;2657;1475;0;1479;0;297;2261;1420;0;0;0;0;0;0;0;67;0;0;0;0;187;120;0;0;429;0;0;275;261;0;34;244;0;0;0;0;0;0;0;207;0;0;0;0;185;0;0;0;0;0;0;0;0;0
273;BW;Rastatt;206484;157208;2318;1960;154890;155248;68259;58798;29486;26374;7123;8369;16954;17766;0;0;11150;17847;18849;19701;0;644;0;313;2809;1496;0;1132;0;266;0;921;0;0;0;0;0;0;0;60;0;0;0;0;148;111;0;0;385;0;0;162;208;0;27;295;0;0;0;0;0;0;0;195;0;0;0;0;178;0;0;0;0;0;0;0;0;112
274;BW;Heidelberg;217934;179138;1568;1306;177570;177832;58019;53138;46219;32806;10751;14812;29664;30491;0;0;11769;22556;15803;16850;1174;734;0;303;1792;990;0;1151;0;386;2183;1780;0;0;0;0;0;0;196;83;0;0;0;0;0;24;0;0;389;0;0;297;388;0;40;199;0;0;0;0;0;0;0;167;0;0;0;0;248;0;0;0;0;0;0;0;0;0
275;BW;Mannheim;197289;144078;1504;1355;142574;142723;41812;38746;39795;30309;10493;12989;18739;18803;0;0;9835;16050;17833;18309;0;689;0;381;1444;826;0;1552;0;231;2337;1807;0;0;0;0;0;0;286;160;0;0;0;0;0;33;0;0;414;0;0;395;311;0;46;240;0;0;0;0;0;0;0;186;0;0;0;0;246;0;0;0;0;0;0;0;0;0
276;BW;Odenwald – Tauber;210876;163339;2116;2114;161223;161225;75531;64208;30849;27175;8422;8907;11090;13642;0;0;11419;17564;21849;22289;0;564;0;654;0;1300;0;1282;2063;1102;0;984;0;0;0;0;0;0;0;43;0;0;0;0;0;42;0;0;387;0;0;190;140;0;22;323;0;0;0;0;0;0;0;214;0;0;0;0;193;0;0;0;0;0;0;0;0;0
277;BW;Rhein-Neckar;198251;156402;1986;1748;154416;154654;57788;51797;36886;28486;8010;9738;14792;17687;0;0;12571;18933;20177;20942;0;615;0;534;2255;1381;0;1252;0;327;1937;1376;0;0;0;0;0;0;0;68;0;0;0;0;0;70;0;0;362;0;0;194;183;0;15;259;0;0;0;0;0;0;0;194;0;0;0;0;241;0;0;0;0;0;0;0;0;0
278;BW;Bruchsal – Schwetzingen;196426;154622;2264;1932;152358;152690;63166;53147;29684;26560;7016;8674;12641;15500;0;0;10255;18180;21960;22794;0;543;0;470;2824;1667;2991;2045;0;235;1498;1289;0;0;0;0;0;0;0;79;0;0;0;0;240;114;0;0;354;0;0;176;216;0;12;214;0;0;0;0;0;0;0;229;0;0;0;0;192;0;0;0;0;0;0;0;0;83
279;BW;Pforzheim;219577;167977;2004;1897;165973;166080;60476;54364;31611;27101;7730;8952;16016;17869;0;0;19760;22643;26172;27107;0;609;0;446;0;1138;3892;2536;0;371;0;1171;0;0;0;0;0;0;0;116;0;0;0;0;168;110;0;0;352;0;0;303;201;0;16;269;0;0;0;0;0;0;0;217;0;0;0;0;189;0;0;0;0;0;0;0;0;148
280;BW;Calw;198021;153463;1739;1858;151724;151605;65676;56330;25601;21832;6832;7759;13284;14989;0;0;14154;21646;21431;22715;969;610;0;496;1596;1137;2008;1391;0;451;0;725;0;0;0;0;0;0;173;90;0;0;0;0;0;67;0;0;287;0;0;242;159;0;14;323;0;0;0;0;0;0;0;161;0;0;0;0;181;0;0;0;0;0;0;0;0;0
281;BW;Freiburg;222308;180854;1480;1319;179374;179535;50256;50423;40647;31452;13172;20168;46115;38002;0;0;9546;16725;12984;14103;0;626;0;261;0;608;2890;1958;0;716;2538;1846;0;0;0;0;0;0;237;137;0;0;0;0;0;34;0;0;275;0;0;871;560;0;45;257;0;0;0;0;0;0;0;239;0;0;0;0;229;406;0;0;0;0;0;0;0;583
282;BW;Lörrach – Müllheim;232208;177399;1882;1695;175517;175704;69148;60513;36986;31249;8854;10898;26244;27014;0;0;15271;19449;16854;18459;1958;879;0;419;0;1187;0;1585;0;469;0;1247;0;0;0;0;0;0;0;162;0;0;0;0;0;56;0;0;472;0;0;544;276;0;24;321;0;0;0;0;0;0;0;273;0;0;0;0;208;0;0;0;0;0;0;0;0;202
283;BW;Emmendingen – Lahr;218287;168468;2112;2024;166356;166444;62476;59784;39472;29738;8691;9588;18537;22806;0;0;14275;17626;18027;19139;0;705;0;363;0;1264;3180;2105;1698;959;0;959;0;0;0;0;0;0;0;70;0;0;0;0;0;33;0;0;289;0;0;284;186;0;15;208;0;0;0;0;0;0;0;150;0;0;0;0;173;0;0;0;0;0;0;0;0;0
284;BW;Offenburg;205551;155724;2118;2075;153606;153649;73935;57033;26532;25406;8264;8411;19383;21220;0;0;9593;16940;15899;17800;0;651;0;358;0;1301;0;1449;0;380;0;959;0;0;0;0;0;0;0;35;0;0;0;0;0;49;0;0;395;0;0;239;174;0;27;342;0;0;0;0;0;0;0;233;0;0;0;0;247;0;0;0;0;0;0;0;0;0
285;BW;Rottweil – Tuttlingen;199227;152001;1971;1951;150030;150050;64558;57060;23855;21900;5825;7141;14299;15329;0;0;16255;20328;19543;20942;0;567;0;527;1869;1418;0;893;1814;1103;0;788;0;0;0;0;0;0;0;49;0;0;0;0;0;44;0;2012;875;0;0;213;162;0;28;337;0;0;0;0;0;0;0;178;0;0;0;0;168;0;0;0;0;0;0;0;0;0
286;BW;Schwarzwald-Baar;165041;125344;1654;1615;123690;123729;58149;46812;20672;19337;5347;6608;12085;15113;0;0;10438;15124;14069;15350;0;464;745;590;1405;992;0;1028;0;305;0;688;0;0;0;0;0;0;201;99;0;0;0;0;0;39;0;0;324;0;0;150;119;0;25;236;0;0;0;0;0;0;0;164;0;0;0;0;162;0;0;0;0;0;0;0;0;579
287;BW;Konstanz;205135;158861;1752;1478;157109;157383;70355;52194;26396;24529;11003;11306;21052;25202;0;0;11425;20758;15006;16215;0;639;0;337;0;988;0;1473;0;456;1552;1354;0;0;0;0;0;0;0;82;0;0;0;0;0;39;0;0;346;0;0;374;303;0;25;357;0;0;0;0;0;0;0;194;0;0;0;0;212;0;0;0;0;0;0;0;0;320
288;BW;Waldshut;177806;136595;1536;1466;135059;135129;56528;53066;32522;22122;6767;7369;16030;18842;0;0;8402;14647;12388;13299;0;432;0;305;1414;1117;0;1235;1008;534;0;781;0;0;0;0;0;0;0;22;0;0;0;0;0;35;0;0;309;0;0;270;188;0;10;219;0;0;0;0;0;0;0;183;0;0;0;0;144;0;0;0;0;0;0;0;0;0
289;BW;Reutlingen;199934;157642;1839;1583;155803;156059;63494;53873;23397;23321;9711;9543;22309;21695;0;0;15533;21425;18702;20171;0;639;0;362;0;856;0;1047;0;459;1539;1141;0;0;0;0;0;0;244;154;0;0;0;0;0;45;0;0;318;0;0;216;209;0;25;206;0;0;0;0;0;0;0;164;0;0;0;0;190;0;0;0;0;0;0;0;0;874
290;BW;Tübingen;196488;159801;1615;1391;158186;158410;56446;48828;27325;24865;13862;15096;30197;28521;0;0;12504;18718;13684;15887;0;715;0;326;0;758;0;994;0;629;2293;1307;0;0;0;0;0;0;285;142;0;0;0;0;0;34;0;0;281;0;0;282;376;0;52;212;0;0;0;0;0;0;0;171;0;0;0;0;216;0;0;0;0;0;0;0;0;1590
291;BW;Ulm;222673;177460;2016;1597;175444;175863;74849;64988;35456;27889;8105;9976;20990;24160;0;0;14173;20277;18734;20432;2837;1048;0;499;0;1275;0;1412;0;672;0;1258;0;0;0;0;0;0;300;102;0;0;0;0;0;44;0;0;385;0;0;309;274;0;19;370;0;0;0;0;0;0;0;217;0;0;0;0;257;0;0;0;0;0;0;0;0;0
292;BW;Biberach;167025;131693;1611;1418;130082;130275;57837;56162;22034;16557;4907;5997;17589;14729;0;0;9775;14321;14640;16236;0;609;0;384;1576;1201;0;923;1724;1180;0;620;0;0;0;0;0;0;0;36;0;0;0;0;0;39;0;0;293;0;0;224;129;0;16;244;0;0;0;0;0;0;0;219;0;0;0;0;156;0;0;0;0;0;0;0;0;0
293;BW;Bodensee;172782;137146;1352;1195;135794;135951;56165;50428;24451;19321;7185;8316;18811;20015;0;0;11999;17954;14079;14164;0;462;0;265;1338;1001;0;919;1412;726;0;794;0;0;0;0;0;0;0;58;0;0;0;0;0;42;0;0;260;0;0;286;208;0;16;278;0;0;0;0;0;0;0;239;0;0;0;0;199;0;0;0;0;0;0;0;0;354
294;BW;Ravensburg;186958;146174;1517;1387;144657;144787;55758;56264;17958;19398;7860;8889;29216;21770;0;0;14672;16441;13668;14901;0;496;0;274;2085;1296;0;1007;2483;1618;0;768;0;0;0;0;0;0;131;56;0;0;0;0;0;41;0;0;289;0;0;254;167;0;19;217;0;0;0;0;0;0;652;457;0;0;0;0;165;0;0;0;0;0;0;0;0;174
295;BW;Zollernalb – Sigmaringen;183588;139548;2354;1821;137194;137727;61694;52284;19716;19446;6450;7061;17489;15798;0;0;12695;18394;18609;18814;0;590;0;519;0;1018;0;1182;0;378;0;722;0;0;0;0;0;0;541;173;0;0;0;0;0;41;0;0;326;0;0;222;118;0;14;245;0;0;0;0;0;0;0;206;0;0;0;0;176;0;0;0;0;0;0;0;0;0
908;BW;Land;7732597;6053943;70712;60975;5983231;5992968;2350054;2061687;1166668;982370;325019;380727;801880;807205;0;0;517512;762008;690128;730499;11340;27205;2056;15745;33732;42133;20756;51355;18341;21813;26508;43883;0;0;0;0;0;0;7045;4276;199;0;0;0;1142;2054;0;2012;13506;0;0;10647;9241;0;1006;10395;0;0;0;0;0;0;652;7612;0;0;0;0;7601;406;0;0;0;0;0;0;0;7781
296;SL;Saarbrücken;199885;147602;2304;2172;145298;145430;45664;41394;46688;38322;19262;21669;8782;11748;0;0;7672;11753;12950;14042;1386;842;947;933;1592;1048;0;0;0;0;0;2332;0;0;0;0;0;87;355;165;0;0;0;0;0;0;0;0;0;0;0;416;0;0;0;226;0;0;0;0;0;0;0;0;0;0;0;0;453;0;0;0;0;0;0;0;0;0
297;SL;Saarlouis;207501;160430;2415;2825;158015;157605;60102;52981;50672;42476;17142;20320;5532;8598;0;0;6069;12059;14224;15506;939;799;0;748;1352;1243;0;0;0;0;1741;1751;0;0;0;0;242;201;0;80;0;0;0;0;0;0;0;0;0;0;0;197;0;0;0;185;0;0;0;0;0;0;0;0;0;0;0;0;461;0;0;0;0;0;0;0;0;0
298;SL;St. Wendel;177468;141387;2618;2689;138769;138698;57987;50660;42129;38368;13584;15686;4674;6662;0;0;6517;9569;11646;12627;0;648;0;646;2232;1261;0;0;0;0;0;1632;0;0;0;0;0;124;0;73;0;0;0;0;0;0;0;0;0;0;0;202;0;0;0;222;0;0;0;0;0;0;0;0;0;0;0;0;318;0;0;0;0;0;0;0;0;0
299;SL;Homburg;192410;145992;2671;2467;143321;143525;48102;44538;45022;39729;15724;17773;7128;8109;0;0;7369;11096;15767;16745;0;648;0;779;1783;1273;0;0;0;0;2209;1760;0;0;0;0;0;121;217;109;0;0;0;0;0;0;0;0;0;0;0;210;0;0;0;253;0;0;0;0;0;0;0;0;0;0;0;0;382;0;0;0;0;0;0;0;0;0
910;SL;Land;777264;595411;10008;10153;585403;585258;211855;189573;184511;158895;65712;75448;26116;35117;0;0;27627;44477;54587;58920;2325;2937;947;3106;6959;4825;0;0;0;0;3950;7475;0;0;0;0;242;533;572;427;0;0;0;0;0;0;0;0;0;0;0;1025;0;0;0;886;0;0;0;0;0;0;0;0;0;0;0;0;1614;0;0;0;0;0;0;0;0;0
999;Bund;Insgesamt;61688485;46976341;586726;460849;46389615;46515492;14030751;12447656;11429231;9539381;3966637;4297270;3717922;4158400;3255487;2869688;3249238;4999449;5317499;5878115;93196;173476;45169;176020;589056;463292;22917;374179;166228;144809;245659;454349;62622;58037;6316;9631;242;533;35760;29785;15960;6693;903;1291;1142;2054;41251;6114;32221;672;911;97539;60914;7517;11558;63203;4300;10009;772;3032;2570;5617;2205;11661;5991;1537;23404;1201;64073;1717;371;2176;506;439;1352;884;2458;100889
;;;;;;;;;;;;;;;;;;;;;;;;;;;;;;;;;;;;;;;;;;;;;;;;;;;;;;;;;;;;;;;;;;;;;;;;;;;;;;;;
