"value","low","high","low95","high95","name","name_eng","color","y","x","date"
29.9,24.1,36,21.1,40.2,"CDU/CSU","CDU/CSU","#000000",29.9,0,2024-10-07
17.4,13.2,22,11.3,24.9,"AfD","AfD","#009EE0",17.4,1,2024-10-07
16.8,12.8,21.1,10.9,24,"SPD","SPD","#DD0000",16.8,2,2024-10-07
11.2,8.3,14.3,7.1,16.4,"Grüne","Greens","#4C9A2A",11.2,3,2024-10-07
7.1,4,10.9,3.1,13.1,"BSW","BSW","#FF6A13",7.1,4,2024-10-07
4.9,3.3,6.7,2.7,8,"FDP","FDP","#FFCC00",4.9,5,2024-10-07
3.2,2,4.5,1.7,5.5,"Linke","Left","purple",3.2,6,2024-10-07
29.7,24,35.5,20.8,39.9,"CDU/CSU","CDU/CSU","#000000",29.7,0,2024-10-14
17.4,13.2,21.9,11.3,25.2,"AfD","AfD","#009EE0",17.4,1,2024-10-14
17.1,13,21.5,11.1,24.6,"SPD","SPD","#DD0000",17.1,2,2024-10-14
11.4,8.6,14.4,7.2,16.6,"Grüne","Greens","#4C9A2A",11.4,3,2024-10-14
7.4,4.2,11,3.3,13.5,"BSW","BSW","#FF6A13",7.4,4,2024-10-14
4.6,3.1,6.4,2.5,7.6,"FDP","FDP","#FFCC00",4.6,5,2024-10-14
3.2,2.1,4.4,1.7,5.3,"Linke","Left","purple",3.2,6,2024-10-14
30.2,24.3,36.2,21.1,40.3,"CDU/CSU","CDU/CSU","#000000",30.2,0,2024-10-21
17.3,13.1,21.8,11.2,25.1,"AfD","AfD","#009EE0",17.3,1,2024-10-21
16.9,13,21.2,11.2,24.4,"SPD","SPD","#DD0000",16.9,2,2024-10-21
11,8.2,13.8,7.1,15.8,"Grüne","Greens","#4C9A2A",11,3,2024-10-21
7.5,4.4,11.3,3.4,13.7,"BSW","BSW","#FF6A13",7.5,4,2024-10-21
4.6,3.1,6.4,2.6,7.7,"FDP","FDP","#FFCC00",4.6,5,2024-10-21
3.3,2.2,4.6,1.8,5.5,"Linke","Left","purple",3.3,6,2024-10-21
29.8,24.1,35.7,20.8,39.7,"CDU/CSU","CDU/CSU","#000000",29.8,0,2024-10-28
17.4,13.3,21.8,11.4,25,"AfD","AfD","#009EE0",17.4,1,2024-10-28
17,13,21.2,11.1,24,"SPD","SPD","#DD0000",17,2,2024-10-28
11,8.3,13.8,7,15.9,"Grüne","Greens","#4C9A2A",11,3,2024-10-28
7.6,4.4,11.4,3.4,13.7,"BSW","BSW","#FF6A13",7.6,4,2024-10-28
4.5,3,6.1,2.5,7.4,"FDP","FDP","#FFCC00",4.5,5,2024-10-28
3.2,2.1,4.5,1.8,5.3,"Linke","Left","purple",3.2,6,2024-10-28
30.6,24.8,36.4,21.7,41,"CDU/CSU","CDU/CSU","#000000",30.6,0,2024-11-04
17.2,13.2,21.6,11,24.7,"AfD","AfD","#009EE0",17.2,1,2024-11-04
16.8,13,20.9,11.2,23.7,"SPD","SPD","#DD0000",16.8,2,2024-11-04
10.9,8.2,13.7,7,15.6,"Grüne","Greens","#4C9A2A",10.9,3,2024-11-04
7.2,4.2,10.8,3.3,13.1,"BSW","BSW","#FF6A13",7.2,4,2024-11-04
4.5,3,6.1,2.6,7.3,"FDP","FDP","#FFCC00",4.5,5,2024-11-04
3.2,2.1,4.4,1.8,5.3,"Linke","Left","purple",3.2,6,2024-11-04
31.1,25.4,37.1,22.2,41.2,"CDU/CSU","CDU/CSU","#000000",31.1,0,2024-11-11
17.1,13.1,21.3,11.2,24.3,"AfD","AfD","#009EE0",17.1,1,2024-11-11
16.8,13,20.7,11,23.7,"SPD","SPD","#DD0000",16.8,2,2024-11-11
11,8.3,13.8,7.1,16.1,"Grüne","Greens","#4C9A2A",11,3,2024-11-11
6.7,3.9,10.1,3.1,12.5,"BSW","BSW","#FF6A13",6.7,4,2024-11-11
4.4,3,5.9,2.5,7.1,"FDP","FDP","#FFCC00",4.4,5,2024-11-11
3.3,2.3,4.6,1.9,5.4,"Linke","Left","purple",3.3,6,2024-11-11
30.9,25.2,36.6,22,40.4,"CDU/CSU","CDU/CSU","#000000",30.9,0,2024-11-18
17.4,13.4,21.8,11.6,24.8,"AfD","AfD","#009EE0",17.4,1,2024-11-18
16.5,12.8,20.4,10.9,23.4,"SPD","SPD","#DD0000",16.5,2,2024-11-18
11,8.4,13.9,7,16,"Grüne","Greens","#4C9A2A",11,3,2024-11-18
6.8,3.9,10.2,3.1,12.3,"BSW","BSW","#FF6A13",6.8,4,2024-11-18
4.6,3.2,6.3,2.7,7.4,"FDP","FDP","#FFCC00",4.6,5,2024-11-18
3.5,2.4,4.8,2,5.6,"Linke","Left","purple",3.5,6,2024-11-18
31.3,25.8,37.1,22.6,41,"CDU/CSU","CDU/CSU","#000000",31.3,0,2024-11-24
17.6,13.6,22.1,11.6,25.3,"AfD","AfD","#009EE0",17.6,1,2024-11-24
16,12.3,19.8,10.5,22.6,"SPD","SPD","#DD0000",16,2,2024-11-24
11.4,8.6,14.4,7.4,16.8,"Grüne","Greens","#4C9A2A",11.4,3,2024-11-24
6.4,3.7,9.7,2.9,11.7,"BSW","BSW","#FF6A13",6.4,4,2024-11-24
4.6,3.2,6.3,2.7,7.5,"FDP","FDP","#FFCC00",4.6,5,2024-11-24
3.6,2.5,4.9,2.1,5.8,"Linke","Left","purple",3.6,6,2024-11-24
30.9,25.3,36.7,22.2,40.7,"CDU/CSU","CDU/CSU","#000000",30.9,0,2024-12-01
17.7,13.6,22,11.7,25.1,"AfD","AfD","#009EE0",17.7,1,2024-12-01
15.8,12.2,19.6,10.6,22.6,"SPD","SPD","#DD0000",15.8,2,2024-12-01
11.9,9,15,7.7,17.4,"Grüne","Greens","#4C9A2A",11.9,3,2024-12-01
6.6,3.9,9.9,3.1,12.2,"BSW","BSW","#FF6A13",6.6,4,2024-12-01
4.7,3.3,6.3,2.8,7.4,"FDP","FDP","#FFCC00",4.7,5,2024-12-01
3.6,2.5,4.9,2.1,5.8,"Linke","Left","purple",3.6,6,2024-12-01
30.8,25.2,36.4,22.1,40.4,"CDU/CSU","CDU/CSU","#000000",30.8,0,2024-12-08
17.7,13.7,21.8,11.8,25.1,"AfD","AfD","#009EE0",17.7,1,2024-12-08
16,12.5,19.7,10.7,22.2,"SPD","SPD","#DD0000",16,2,2024-12-08
12.3,9.3,15.6,8,18,"Grüne","Greens","#4C9A2A",12.3,3,2024-12-08
6.6,3.7,10,2.9,12.4,"BSW","BSW","#FF6A13",6.6,4,2024-12-08
4.4,3.1,6,2.6,7,"FDP","FDP","#FFCC00",4.4,5,2024-12-08
3.7,2.5,4.9,2.1,5.8,"Linke","Left","purple",3.7,6,2024-12-08
30.8,24.9,36.6,21.6,40.7,"CDU/CSU","CDU/CSU","#000000",30.8,0,2024-12-10
17.5,13.4,21.6,11.4,24.9,"AfD","AfD","#009EE0",17.5,1,2024-12-10
16.1,12.4,19.9,10.6,22.7,"SPD","SPD","#DD0000",16.1,2,2024-12-10
12.5,9.5,15.8,8,18.2,"Grüne","Greens","#4C9A2A",12.5,3,2024-12-10
6.5,3.6,10.1,2.8,12.6,"BSW","BSW","#FF6A13",6.5,4,2024-12-10
4.4,3.1,5.9,2.6,7,"FDP","FDP","#FFCC00",4.4,5,2024-12-10
3.6,2.5,4.9,2.1,5.8,"Linke","Left","purple",3.6,6,2024-12-10
30.5,24.8,36.1,22,40.2,"CDU/CSU","CDU/CSU","#000000",30.5,0,2024-12-11
17.8,13.8,22,11.8,25,"AfD","AfD","#009EE0",17.8,1,2024-12-11
16.6,12.8,20.6,10.8,23.6,"SPD","SPD","#DD0000",16.6,2,2024-12-11
12.5,9.5,15.7,8.2,18.3,"Grüne","Greens","#4C9A2A",12.5,3,2024-12-11
6.1,3.2,9.6,2.5,11.9,"BSW","BSW","#FF6A13",6.1,4,2024-12-11
4.5,3.2,6.1,2.7,7.1,"FDP","FDP","#FFCC00",4.5,5,2024-12-11
3.5,2.4,4.7,2,5.6,"Linke","Left","purple",3.5,6,2024-12-11
30.6,25.1,36.3,21.9,40.3,"CDU/CSU","CDU/CSU","#000000",30.6,0,2024-12-12
17.7,13.7,21.9,11.8,24.8,"AfD","AfD","#009EE0",17.7,1,2024-12-12
16.6,12.8,20.6,11.1,23.4,"SPD","SPD","#DD0000",16.6,2,2024-12-12
12.5,9.5,15.6,8.1,18,"Grüne","Greens","#4C9A2A",12.5,3,2024-12-12
6.2,3.2,9.7,2.5,12.3,"BSW","BSW","#FF6A13",6.2,4,2024-12-12
4.5,3.2,6.1,2.7,7.2,"FDP","FDP","#FFCC00",4.5,5,2024-12-12
3.5,2.4,4.7,2,5.5,"Linke","Left","purple",3.5,6,2024-12-12
30.6,25,36.3,21.7,40.4,"CDU/CSU","CDU/CSU","#000000",30.6,0,2024-12-13
17.8,13.8,22,11.9,25.1,"AfD","AfD","#009EE0",17.8,1,2024-12-13
16.6,12.9,20.6,10.9,23.5,"SPD","SPD","#DD0000",16.6,2,2024-12-13
12.5,9.5,15.7,8.1,18,"Grüne","Greens","#4C9A2A",12.5,3,2024-12-13
6.1,3.2,9.6,2.5,12,"BSW","BSW","#FF6A13",6.1,4,2024-12-13
4.5,3.2,6,2.7,7.1,"FDP","FDP","#FFCC00",4.5,5,2024-12-13
3.4,2.4,4.7,2,5.5,"Linke","Left","purple",3.4,6,2024-12-13
30.5,24.9,36,21.6,40.2,"CDU/CSU","CDU/CSU","#000000",30.5,0,2024-12-14
17.7,13.7,21.9,11.6,25,"AfD","AfD","#009EE0",17.7,1,2024-12-14
16.7,13.1,20.6,11.4,23.4,"SPD","SPD","#DD0000",16.7,2,2024-12-14
12.6,9.6,15.9,8.2,18.3,"Grüne","Greens","#4C9A2A",12.6,3,2024-12-14
6.1,3.3,9.7,2.5,12,"BSW","BSW","#FF6A13",6.1,4,2024-12-14
4.5,3.2,6,2.7,7.1,"FDP","FDP","#FFCC00",4.5,5,2024-12-14
3.5,2.4,4.7,2,5.5,"Linke","Left","purple",3.5,6,2024-12-14
30.2,24.6,35.8,21.4,39.9,"CDU/CSU","CDU/CSU","#000000",30.2,0,2024-12-15
18,13.8,22.4,11.8,25.4,"AfD","AfD","#009EE0",18,1,2024-12-15
16.7,13,20.8,10.9,23.7,"SPD","SPD","#DD0000",16.7,2,2024-12-15
12.3,9.3,15.4,8,17.9,"Grüne","Greens","#4C9A2A",12.3,3,2024-12-15
6.7,3.6,10.5,2.8,13,"BSW","BSW","#FF6A13",6.7,4,2024-12-15
4.6,3.3,6.2,2.7,7.3,"FDP","FDP","#FFCC00",4.6,5,2024-12-15
3.4,2.4,4.6,2,5.4,"Linke","Left","purple",3.4,6,2024-12-15
30.2,24.6,35.8,21.4,39.9,"CDU/CSU","CDU/CSU","#000000",30.2,0,2024-12-16
17.9,13.9,22.1,12,25.2,"AfD","AfD","#009EE0",17.9,1,2024-12-16
16.7,12.9,20.8,11,23.8,"SPD","SPD","#DD0000",16.7,2,2024-12-16
12.3,9.4,15.5,7.9,17.9,"Grüne","Greens","#4C9A2A",12.3,3,2024-12-16
6.8,3.6,10.7,2.8,13.1,"BSW","BSW","#FF6A13",6.8,4,2024-12-16
4.6,3.3,6.2,2.7,7.3,"FDP","FDP","#FFCC00",4.6,5,2024-12-16
3.4,2.3,4.6,2,5.5,"Linke","Left","purple",3.4,6,2024-12-16
30.2,24.7,35.9,21.7,39.9,"CDU/CSU","CDU/CSU","#000000",30.2,0,2024-12-17
17.9,13.9,22.2,11.9,25.5,"AfD","AfD","#009EE0",17.9,1,2024-12-17
16.7,13,20.5,11.1,23.4,"SPD","SPD","#DD0000",16.7,2,2024-12-17
12.2,9.2,15.4,7.8,17.7,"Grüne","Greens","#4C9A2A",12.2,3,2024-12-17
6.8,3.7,10.8,2.8,13.2,"BSW","BSW","#FF6A13",6.8,4,2024-12-17
4.6,3.3,6.2,2.7,7.3,"FDP","FDP","#FFCC00",4.6,5,2024-12-17
3.4,2.4,4.6,2,5.5,"Linke","Left","purple",3.4,6,2024-12-17
30.1,24.6,35.7,21.5,40,"CDU/CSU","CDU/CSU","#000000",30.1,0,2024-12-20
18.2,14,22.6,12,25.6,"AfD","AfD","#009EE0",18.2,1,2024-12-20
17.2,13.4,21.4,11.4,24.2,"SPD","SPD","#DD0000",17.2,2,2024-12-20
12.5,9.4,15.6,7.9,17.9,"Grüne","Greens","#4C9A2A",12.5,3,2024-12-20
6.1,2.9,10.1,2.1,12.6,"BSW","BSW","#FF6A13",6.1,4,2024-12-20
4.7,3.3,6.3,2.8,7.5,"FDP","FDP","#FFCC00",4.7,5,2024-12-20
3.2,2.2,4.4,1.8,5.3,"Linke","Left","purple",3.2,6,2024-12-20
30.3,24.6,36.1,21.5,40.5,"CDU/CSU","CDU/CSU","#000000",30.3,0,2024-12-21
18.3,14.2,22.7,12.3,25.7,"AfD","AfD","#009EE0",18.3,1,2024-12-21
16.5,12.8,20.5,11,23.6,"SPD","SPD","#DD0000",16.5,2,2024-12-21
12.9,9.8,16.3,8.4,18.9,"Grüne","Greens","#4C9A2A",12.9,3,2024-12-21
6.1,3,10,2.2,12.7,"BSW","BSW","#FF6A13",6.1,4,2024-12-21
4.4,3.1,5.8,2.6,6.8,"FDP","FDP","#FFCC00",4.4,5,2024-12-21
3.3,2.3,4.6,1.9,5.4,"Linke","Left","purple",3.3,6,2024-12-21
30.5,24.9,36.2,21.7,40.4,"CDU/CSU","CDU/CSU","#000000",30.5,0,2024-12-22
18.1,14,22.6,12,25.9,"AfD","AfD","#009EE0",18.1,1,2024-12-22
16.6,12.8,20.7,11,23.5,"SPD","SPD","#DD0000",16.6,2,2024-12-22
12.8,9.7,16.1,8.3,18.3,"Grüne","Greens","#4C9A2A",12.8,3,2024-12-22
6.6,3.2,10.8,2.3,13.3,"BSW","BSW","#FF6A13",6.6,4,2024-12-22
4.4,3.1,6,2.6,7,"FDP","FDP","#FFCC00",4.4,5,2024-12-22
3.2,2.2,4.3,1.8,5.2,"Linke","Left","purple",3.2,6,2024-12-22
30.5,24.9,36.2,21.9,40.5,"CDU/CSU","CDU/CSU","#000000",30.5,0,2024-12-23
18.2,14.1,22.5,12.1,25.7,"AfD","AfD","#009EE0",18.2,1,2024-12-23
16.6,12.8,20.6,11,23.6,"SPD","SPD","#DD0000",16.6,2,2024-12-23
12.7,9.7,16,8.3,18.4,"Grüne","Greens","#4C9A2A",12.7,3,2024-12-23
6.5,3.2,10.6,2.4,13.2,"BSW","BSW","#FF6A13",6.5,4,2024-12-23
4.5,3.2,5.9,2.7,6.9,"FDP","FDP","#FFCC00",4.5,5,2024-12-23
3.2,2.2,4.4,1.8,5.2,"Linke","Left","purple",3.2,6,2024-12-23
30.5,24.7,36.4,22,40.5,"CDU/CSU","CDU/CSU","#000000",30.5,0,2024-12-24
18.2,14,22.6,12.2,25.8,"AfD","AfD","#009EE0",18.2,1,2024-12-24
16.6,12.7,20.5,10.7,23.9,"SPD","SPD","#DD0000",16.6,2,2024-12-24
12.8,9.7,16.1,8.3,18.7,"Grüne","Greens","#4C9A2A",12.8,3,2024-12-24
6.5,3.2,10.7,2.4,13.1,"BSW","BSW","#FF6A13",6.5,4,2024-12-24
4.4,3.1,5.9,2.6,7,"FDP","FDP","#FFCC00",4.4,5,2024-12-24
3.2,2.2,4.5,1.8,5.3,"Linke","Left","purple",3.2,6,2024-12-24
30.2,24.8,35.9,21.7,39.6,"CDU/CSU","CDU/CSU","#000000",30.2,0,2024-12-25
18.4,14.3,22.5,12.4,25.6,"AfD","AfD","#009EE0",18.4,1,2024-12-25
16.6,13,20.5,11,23.6,"SPD","SPD","#DD0000",16.6,2,2024-12-25
12.9,9.8,16.1,8.2,18.3,"Grüne","Greens","#4C9A2A",12.9,3,2024-12-25
6.4,3.1,10.5,2.3,13.1,"BSW","BSW","#FF6A13",6.4,4,2024-12-25
4.5,3.1,6.4,2.7,6.8,"FDP","FDP","#FFCC00",4.5,5,2024-12-25
3.3,2,4.6,1.8,5.5,"Linke","Left","purple",3.3,6,2024-12-25
30.2,24.5,35.8,21.3,39.9,"CDU/CSU","CDU/CSU","#000000",30.2,0,2024-12-26
18.4,14.3,22.7,12.1,26,"AfD","AfD","#009EE0",18.4,1,2024-12-26
16.6,12.9,20.5,11.2,23.4,"SPD","SPD","#DD0000",16.6,2,2024-12-26
12.8,9.8,16.2,8.3,18.7,"Grüne","Greens","#4C9A2A",12.8,3,2024-12-26
6.4,3.2,10.5,2.3,13,"BSW","BSW","#FF6A13",6.4,4,2024-12-26
4.4,3.1,5.8,2.6,7,"FDP","FDP","#FFCC00",4.4,5,2024-12-26
3.4,2.3,4.6,1.9,5.4,"Linke","Left","purple",3.4,6,2024-12-26
30.3,24.8,35.9,21.6,39.8,"CDU/CSU","CDU/CSU","#000000",30.3,0,2024-12-27
18.3,14.2,22.6,12.2,25.8,"AfD","AfD","#009EE0",18.3,1,2024-12-27
16.6,12.9,20.5,11.1,23.6,"SPD","SPD","#DD0000",16.6,2,2024-12-27
12.9,9.8,16.2,8.3,18.6,"Grüne","Greens","#4C9A2A",12.9,3,2024-12-27
6.4,3.1,10.4,2.3,13,"BSW","BSW","#FF6A13",6.4,4,2024-12-27
4.4,3.1,5.8,2.6,7,"FDP","FDP","#FFCC00",4.4,5,2024-12-27
3.3,2.3,4.5,1.9,5.5,"Linke","Left","purple",3.3,6,2024-12-27
30.4,24.9,36.1,21.7,39.9,"CDU/CSU","CDU/CSU","#000000",30.4,0,2024-12-28
18.3,14.2,22.6,12.1,25.6,"AfD","AfD","#009EE0",18.3,1,2024-12-28
16.6,12.8,20.5,11,23.3,"SPD","SPD","#DD0000",16.6,2,2024-12-28
12.9,9.8,16.2,8.5,18.4,"Grüne","Greens","#4C9A2A",12.9,3,2024-12-28
6.4,3.1,10.4,2.3,12.9,"BSW","BSW","#FF6A13",6.4,4,2024-12-28
4.4,3.1,5.9,2.6,6.9,"FDP","FDP","#FFCC00",4.4,5,2024-12-28
3.3,2.3,4.6,1.9,5.5,"Linke","Left","purple",3.3,6,2024-12-28
30.3,24.6,36.1,21.3,40.3,"CDU/CSU","CDU/CSU","#000000",30.3,0,2024-12-29
18.4,14.3,22.9,12.2,25.8,"AfD","AfD","#009EE0",18.4,1,2024-12-29
16.6,12.9,20.4,11.1,23.3,"SPD","SPD","#DD0000",16.6,2,2024-12-29
12.8,9.7,16.1,8.3,18.7,"Grüne","Greens","#4C9A2A",12.8,3,2024-12-29
6.4,3.1,10.6,2.3,13.2,"BSW","BSW","#FF6A13",6.4,4,2024-12-29
4.4,3.1,5.8,2.6,6.8,"FDP","FDP","#FFCC00",4.4,5,2024-12-29
3.4,2.3,4.6,1.9,5.5,"Linke","Left","purple",3.4,6,2024-12-29
30.2,24.7,35.7,21.6,39.6,"CDU/CSU","CDU/CSU","#000000",30.2,0,2024-12-30
18.5,14.4,22.8,12.3,25.9,"AfD","AfD","#009EE0",18.5,1,2024-12-30
16.7,13.1,20.6,11.2,23.6,"SPD","SPD","#DD0000",16.7,2,2024-12-30
12.7,9.6,15.9,8.3,18.4,"Grüne","Greens","#4C9A2A",12.7,3,2024-12-30
6.6,3.3,10.7,2.5,13.4,"BSW","BSW","#FF6A13",6.6,4,2024-12-30
4.4,3.1,5.8,2.6,6.8,"FDP","FDP","#FFCC00",4.4,5,2024-12-30
3.3,2.3,4.5,1.9,5.4,"Linke","Left","purple",3.3,6,2024-12-30
30.3,24.7,35.9,21.5,40.2,"CDU/CSU","CDU/CSU","#000000",30.3,0,2024-12-31
18.5,14.2,23,12,26.4,"AfD","AfD","#009EE0",18.5,1,2024-12-31
16.7,12.9,20.7,11,23.8,"SPD","SPD","#DD0000",16.7,2,2024-12-31
12.6,9.6,15.8,8.2,18.3,"Grüne","Greens","#4C9A2A",12.6,3,2024-12-31
6.6,3.2,10.9,2.4,13.4,"BSW","BSW","#FF6A13",6.6,4,2024-12-31
4.4,3.1,5.8,2.7,6.9,"FDP","FDP","#FFCC00",4.4,5,2024-12-31
3.3,2.3,4.6,1.9,5.5,"Linke","Left","purple",3.3,6,2024-12-31
30.2,24.7,35.8,21.5,39.9,"CDU/CSU","CDU/CSU","#000000",30.2,0,2025-01-01
18.9,14.7,23.4,12.6,26.5,"AfD","AfD","#009EE0",18.9,1,2025-01-01
16.7,12.9,20.6,10.9,23.5,"SPD","SPD","#DD0000",16.7,2,2025-01-01
12.5,9.5,15.6,8.1,17.9,"Grüne","Greens","#4C9A2A",12.5,3,2025-01-01
6.6,3.3,10.7,2.5,13.4,"BSW","BSW","#FF6A13",6.6,4,2025-01-01
4.3,3.1,5.6,2.6,6.6,"FDP","FDP","#FFCC00",4.3,5,2025-01-01
3.5,2.4,4.8,2,5.8,"Linke","Left","purple",3.5,6,2025-01-01
30.2,24.7,35.9,21.6,40.1,"CDU/CSU","CDU/CSU","#000000",30.2,0,2025-01-02
18.8,14.6,23.4,12.5,26.1,"AfD","AfD","#009EE0",18.8,1,2025-01-02
16.6,12.9,20.6,11.2,23.3,"SPD","SPD","#DD0000",16.6,2,2025-01-02
12.5,9.4,15.8,7.9,18.2,"Grüne","Greens","#4C9A2A",12.5,3,2025-01-02
6.7,3.3,10.8,2.4,13.2,"BSW","BSW","#FF6A13",6.7,4,2025-01-02
4.3,3,5.6,2.5,6.6,"FDP","FDP","#FFCC00",4.3,5,2025-01-02
3.5,2.4,4.8,2,5.7,"Linke","Left","purple",3.5,6,2025-01-02
30.1,24.8,35.9,21.5,40,"CDU/CSU","CDU/CSU","#000000",30.1,0,2025-01-03
18.9,14.8,23.2,12.5,26.5,"AfD","AfD","#009EE0",18.9,1,2025-01-03
16.6,12.9,20.5,11,23.4,"SPD","SPD","#DD0000",16.6,2,2025-01-03
12.6,9.6,15.7,8.2,18.2,"Grüne","Greens","#4C9A2A",12.6,3,2025-01-03
6.8,3.3,11.3,2.5,13.1,"BSW","BSW","#FF6A13",6.8,4,2025-01-03
4.2,3.1,5.6,2.5,6.6,"FDP","FDP","#FFCC00",4.2,5,2025-01-03
3.5,2.4,4.8,2,5.7,"Linke","Left","purple",3.5,6,2025-01-03
30.1,24.5,35.7,21.3,39.4,"CDU/CSU","CDU/CSU","#000000",30.1,0,2025-01-04
18.9,14.6,23.5,12.6,26.6,"AfD","AfD","#009EE0",18.9,1,2025-01-04
16.7,13,20.7,11,23.6,"SPD","SPD","#DD0000",16.7,2,2025-01-04
12.5,9.6,15.7,8.1,18.1,"Grüne","Greens","#4C9A2A",12.5,3,2025-01-04
6.6,3.3,10.7,2.4,13.4,"BSW","BSW","#FF6A13",6.6,4,2025-01-04
4.2,3,5.6,2.6,6.7,"FDP","FDP","#FFCC00",4.2,5,2025-01-04
3.5,2.4,4.8,2,5.7,"Linke","Left","purple",3.5,6,2025-01-04
30,24.5,35.5,21.6,39.5,"CDU/CSU","CDU/CSU","#000000",30,0,2025-01-05
18.9,14.6,23.4,12.4,26.6,"AfD","AfD","#009EE0",18.9,1,2025-01-05
16.7,13,20.8,11.3,23.8,"SPD","SPD","#DD0000",16.7,2,2025-01-05
12.5,9.4,15.7,8,18.3,"Grüne","Greens","#4C9A2A",12.5,3,2025-01-05
6.7,3.3,10.9,2.5,13.5,"BSW","BSW","#FF6A13",6.7,4,2025-01-05
4.3,3,5.7,2.5,6.7,"FDP","FDP","#FFCC00",4.3,5,2025-01-05
3.5,2.4,4.8,2,5.7,"Linke","Left","purple",3.5,6,2025-01-05
30.1,24.7,35.7,21.6,39,"CDU/CSU","CDU/CSU","#000000",30.1,0,2025-01-06
18.9,14.7,23.3,12.6,26.8,"AfD","AfD","#009EE0",18.9,1,2025-01-06
16.6,12.9,20.6,11.1,23.3,"SPD","SPD","#DD0000",16.6,2,2025-01-06
12.7,9.6,15.8,8.3,18.3,"Grüne","Greens","#4C9A2A",12.7,3,2025-01-06
6.7,3.4,10.9,2.6,13.7,"BSW","BSW","#FF6A13",6.7,4,2025-01-06
4.2,3,5.6,2.6,6.6,"FDP","FDP","#FFCC00",4.2,5,2025-01-06
3.5,2.4,4.7,2,5.6,"Linke","Left","purple",3.5,6,2025-01-06
30.2,24.8,35.6,21.7,39.4,"CDU/CSU","CDU/CSU","#000000",30.2,0,2025-01-07
19.6,15.3,24.2,13.1,27.4,"AfD","AfD","#009EE0",19.6,1,2025-01-07
16.3,12.7,20,10.8,22.9,"SPD","SPD","#DD0000",16.3,2,2025-01-07
12.9,9.8,16.3,8.4,18.7,"Grüne","Greens","#4C9A2A",12.9,3,2025-01-07
6.5,3.3,10.4,2.4,13,"BSW","BSW","#FF6A13",6.5,4,2025-01-07
4.2,3,5.6,2.6,6.5,"FDP","FDP","#FFCC00",4.2,5,2025-01-07
3.4,2.3,4.6,2,5.5,"Linke","Left","purple",3.4,6,2025-01-07
30.5,25.1,36.1,21.8,40.6,"CDU/CSU","CDU/CSU","#000000",30.5,0,2025-01-08
19.3,15,23.8,12.8,26.9,"AfD","AfD","#009EE0",19.3,1,2025-01-08
16.7,13,20.6,11,23.5,"SPD","SPD","#DD0000",16.7,2,2025-01-08
12.8,9.8,16,8.3,18.5,"Grüne","Greens","#4C9A2A",12.8,3,2025-01-08
6,2.9,9.8,2.1,12.2,"BSW","BSW","#FF6A13",6,4,2025-01-08
4.1,3,5.3,2.5,6.2,"FDP","FDP","#FFCC00",4.1,5,2025-01-08
3.3,2.3,4.5,1.9,5.3,"Linke","Left","purple",3.3,6,2025-01-08
29.9,24.2,35.6,20.8,40.2,"CDU/CSU","CDU/CSU","#000000",29.9,0,2025-01-09
19.5,15.2,24.2,13.1,27.2,"AfD","AfD","#009EE0",19.5,1,2025-01-09
16.6,12.9,20.6,11,23.4,"SPD","SPD","#DD0000",16.6,2,2025-01-09
13,9.9,16.2,8.4,18.6,"Grüne","Greens","#4C9A2A",13,3,2025-01-09
6.3,3.1,10.2,2.3,12.7,"BSW","BSW","#FF6A13",6.3,4,2025-01-09
4.3,3.1,5.7,2.7,6.7,"FDP","FDP","#FFCC00",4.3,5,2025-01-09
3.3,2.3,4.4,1.9,5.2,"Linke","Left","purple",3.3,6,2025-01-09
29.9,24.5,35.5,21.5,39.2,"CDU/CSU","CDU/CSU","#000000",29.9,0,2025-01-10
19.3,15.1,23.8,12.6,27.2,"AfD","AfD","#009EE0",19.3,1,2025-01-10
16.5,12.7,20.3,10.8,23.2,"SPD","SPD","#DD0000",16.5,2,2025-01-10
13.1,10.1,16.4,8.5,18.8,"Grüne","Greens","#4C9A2A",13.1,3,2025-01-10
6.3,3.2,10.1,2.4,12.6,"BSW","BSW","#FF6A13",6.3,4,2025-01-10
4.3,3.1,5.7,2.6,6.6,"FDP","FDP","#FFCC00",4.3,5,2025-01-10
3.4,2.4,4.5,2,5.3,"Linke","Left","purple",3.4,6,2025-01-10
29.9,24.7,35.1,21.6,39.1,"CDU/CSU","CDU/CSU","#000000",29.9,0,2025-01-11
19.5,15.4,23.9,13.2,27.3,"AfD","AfD","#009EE0",19.5,1,2025-01-11
16.2,12.8,19.8,10.8,22.5,"SPD","SPD","#DD0000",16.2,2,2025-01-11
13.6,10.4,16.7,8.8,19.2,"Grüne","Greens","#4C9A2A",13.6,3,2025-01-11
5.7,2.4,9.5,1.8,11.8,"BSW","BSW","#FF6A13",5.7,4,2025-01-11
4.3,3.1,5.6,2.7,6.7,"FDP","FDP","#FFCC00",4.3,5,2025-01-11
3.5,2.5,4.7,2,5.4,"Linke","Left","purple",3.5,6,2025-01-11
29.7,24.4,35.3,21.1,39,"CDU/CSU","CDU/CSU","#000000",29.7,0,2025-01-12
19.8,15.5,24.2,13.3,26.9,"AfD","AfD","#009EE0",19.8,1,2025-01-12
16.2,12.6,19.9,10.8,22.8,"SPD","SPD","#DD0000",16.2,2,2025-01-12
13.3,10.2,16.7,8.7,19,"Grüne","Greens","#4C9A2A",13.3,3,2025-01-12
6.2,3.1,10,2.4,12.4,"BSW","BSW","#FF6A13",6.2,4,2025-01-12
4.3,3.1,5.6,2.6,6.6,"FDP","FDP","#FFCC00",4.3,5,2025-01-12
3.4,2.4,4.6,2,5.5,"Linke","Left","purple",3.4,6,2025-01-12
29.7,24.2,35.4,21,39.3,"CDU/CSU","CDU/CSU","#000000",29.7,0,2025-01-13
19.8,15.4,24.2,13.1,27.5,"AfD","AfD","#009EE0",19.8,1,2025-01-13
16.2,12.6,19.8,10.8,22.7,"SPD","SPD","#DD0000",16.2,2,2025-01-13
13.4,10.3,16.7,8.8,19.4,"Grüne","Greens","#4C9A2A",13.4,3,2025-01-13
6.2,3.1,10.2,2.3,12.5,"BSW","BSW","#FF6A13",6.2,4,2025-01-13
4.3,3.1,5.5,2.6,6.4,"FDP","FDP","#FFCC00",4.3,5,2025-01-13
3.4,2.4,4.6,2,5.5,"Linke","Left","purple",3.4,6,2025-01-13
29.8,24.3,35.3,21.6,39.4,"CDU/CSU","CDU/CSU","#000000",29.8,0,2025-01-14
20.2,15.7,24.7,13.5,28,"AfD","AfD","#009EE0",20.2,1,2025-01-14
15.9,12.3,19.6,10.4,22.6,"SPD","SPD","#DD0000",15.9,2,2025-01-14
13.2,10.1,16.6,8.5,19,"Grüne","Greens","#4C9A2A",13.2,3,2025-01-14
6.4,3.3,10.2,2.4,12.5,"BSW","BSW","#FF6A13",6.4,4,2025-01-14
4.3,3.1,5.5,2.6,6.5,"FDP","FDP","#FFCC00",4.3,5,2025-01-14
3.5,2.4,4.6,2,5.5,"Linke","Left","purple",3.5,6,2025-01-14
30.1,24.6,35.7,21.6,40.1,"CDU/CSU","CDU/CSU","#000000",30.1,0,2025-01-15
19.9,15.6,24.4,13.4,27.5,"AfD","AfD","#009EE0",19.9,1,2025-01-15
16.1,12.5,19.9,10.6,22.9,"SPD","SPD","#DD0000",16.1,2,2025-01-15
13.3,10.2,16.6,8.7,19,"Grüne","Greens","#4C9A2A",13.3,3,2025-01-15
5.8,2.8,9.6,2.1,11.9,"BSW","BSW","#FF6A13",5.8,4,2025-01-15
4.3,3.1,5.6,2.6,6.6,"FDP","FDP","#FFCC00",4.3,5,2025-01-15
3.4,2.4,4.5,1.9,5.3,"Linke","Left","purple",3.4,6,2025-01-15
29.7,24.3,35.1,21.5,39.1,"CDU/CSU","CDU/CSU","#000000",29.7,0,2025-01-16
19.9,15.6,24.6,13.4,27.9,"AfD","AfD","#009EE0",19.9,1,2025-01-16
16.4,12.8,20.3,11,23.2,"SPD","SPD","#DD0000",16.4,2,2025-01-16
13.3,10.2,16.6,8.7,18.9,"Grüne","Greens","#4C9A2A",13.3,3,2025-01-16
6.1,3.1,9.9,2.3,12.2,"BSW","BSW","#FF6A13",6.1,4,2025-01-16
4.2,3.1,5.6,2.6,6.5,"FDP","FDP","#FFCC00",4.2,5,2025-01-16
3.5,2.5,4.6,2.1,5.5,"Linke","Left","purple",3.5,6,2025-01-16
29.7,24.4,35.2,21.3,39.1,"CDU/CSU","CDU/CSU","#000000",29.7,0,2025-01-17
19.9,15.6,24.3,13.3,27.5,"AfD","AfD","#009EE0",19.9,1,2025-01-17
16.4,12.9,20.3,11,23.3,"SPD","SPD","#DD0000",16.4,2,2025-01-17
13.3,10.2,16.6,8.8,19.1,"Grüne","Greens","#4C9A2A",13.3,3,2025-01-17
6.2,3.1,10.1,2.3,12.6,"BSW","BSW","#FF6A13",6.2,4,2025-01-17
4.2,3.1,5.5,2.6,6.4,"FDP","FDP","#FFCC00",4.2,5,2025-01-17
3.5,2.5,4.7,2.1,5.5,"Linke","Left","purple",3.5,6,2025-01-17
29.7,24.4,35.1,21,39.3,"CDU/CSU","CDU/CSU","#000000",29.7,0,2025-01-18
19.9,15.6,24.5,13.5,28.1,"AfD","AfD","#009EE0",19.9,1,2025-01-18
16.4,12.8,20.2,10.9,23.1,"SPD","SPD","#DD0000",16.4,2,2025-01-18
13.3,10.3,16.6,8.7,19,"Grüne","Greens","#4C9A2A",13.3,3,2025-01-18
6.2,3.1,9.9,2.3,12.4,"BSW","BSW","#FF6A13",6.2,4,2025-01-18
4.2,3.1,5.5,2.6,6.4,"FDP","FDP","#FFCC00",4.2,5,2025-01-18
3.5,2.4,4.7,2,5.5,"Linke","Left","purple",3.5,6,2025-01-18
29.4,24.1,34.9,21,39.1,"CDU/CSU","CDU/CSU","#000000",29.4,0,2025-01-19
20,15.6,24.4,13.4,27.6,"AfD","AfD","#009EE0",20,1,2025-01-19
16.3,12.7,20,10.8,22.7,"SPD","SPD","#DD0000",16.3,2,2025-01-19
13.2,10.1,16.5,8.7,19.3,"Grüne","Greens","#4C9A2A",13.2,3,2025-01-19
6.5,3.4,10.5,2.5,13,"BSW","BSW","#FF6A13",6.5,4,2025-01-19
4.3,3.1,5.7,2.7,6.6,"FDP","FDP","#FFCC00",4.3,5,2025-01-19
3.6,2.5,4.7,2.1,5.5,"Linke","Left","purple",3.6,6,2025-01-19
29.4,24.1,34.8,21.2,38.7,"CDU/CSU","CDU/CSU","#000000",29.4,0,2025-01-20
20,15.8,24.3,13.7,27.7,"AfD","AfD","#009EE0",20,1,2025-01-20
16.3,12.7,20.2,11,22.9,"SPD","SPD","#DD0000",16.3,2,2025-01-20
13.2,10.2,16.3,8.8,18.8,"Grüne","Greens","#4C9A2A",13.2,3,2025-01-20
6.5,3.4,10.4,2.6,12.8,"BSW","BSW","#FF6A13",6.5,4,2025-01-20
4.4,3.2,5.6,2.7,6.7,"FDP","FDP","#FFCC00",4.4,5,2025-01-20
3.6,2.5,4.7,2.1,5.5,"Linke","Left","purple",3.6,6,2025-01-20
29,23.6,34.5,20.6,38.3,"CDU/CSU","CDU/CSU","#000000",29,0,2025-01-21
20.3,16,24.7,13.7,28.4,"AfD","AfD","#009EE0",20.3,1,2025-01-21
16.3,12.6,20.1,10.8,23.1,"SPD","SPD","#DD0000",16.3,2,2025-01-21
13.1,10.1,16.3,8.6,18.8,"Grüne","Greens","#4C9A2A",13.1,3,2025-01-21
6.7,3.5,10.6,2.6,13.3,"BSW","BSW","#FF6A13",6.7,4,2025-01-21
4.5,3.3,5.9,2.8,7,"FDP","FDP","#FFCC00",4.5,5,2025-01-21
3.7,2.6,4.9,2.2,5.8,"Linke","Left","purple",3.7,6,2025-01-21
29.7,24.3,35,21.5,39.1,"CDU/CSU","CDU/CSU","#000000",29.7,0,2025-01-22
19.7,15.5,24.2,13.4,27.6,"AfD","AfD","#009EE0",19.7,1,2025-01-22
16.5,12.8,20.2,11,23,"SPD","SPD","#DD0000",16.5,2,2025-01-22
13.2,10.3,16.5,8.8,18.9,"Grüne","Greens","#4C9A2A",13.2,3,2025-01-22
5.9,3,9.5,2.2,11.7,"BSW","BSW","#FF6A13",5.9,4,2025-01-22
4.5,3.3,5.8,2.7,6.9,"FDP","FDP","#FFCC00",4.5,5,2025-01-22
3.5,2.5,4.7,2.1,5.5,"Linke","Left","purple",3.5,6,2025-01-22
29.2,23.8,34.5,20.8,38.7,"CDU/CSU","CDU/CSU","#000000",29.2,0,2025-01-23
19.3,15.3,23.6,13.1,26.7,"AfD","AfD","#009EE0",19.3,1,2025-01-23
17,13.3,20.8,11.4,23.6,"SPD","SPD","#DD0000",17,2,2025-01-23
13.5,10.4,16.7,8.9,19.3,"Grüne","Greens","#4C9A2A",13.5,3,2025-01-23
6.2,3.1,9.9,2.4,12.2,"BSW","BSW","#FF6A13",6.2,4,2025-01-23
4.4,3.3,5.7,2.8,6.8,"FDP","FDP","#FFCC00",4.4,5,2025-01-23
3.6,2.6,4.8,2.1,5.6,"Linke","Left","purple",3.6,6,2025-01-23
29.7,24.5,35,21.5,38.8,"CDU/CSU","CDU/CSU","#000000",29.7,0,2025-01-26
19.7,15.7,23.9,13.4,27.5,"AfD","AfD","#009EE0",19.7,1,2025-01-26
16.8,13.1,20.6,11.1,23.4,"SPD","SPD","#DD0000",16.8,2,2025-01-26
13.6,10.5,16.9,9.1,19.3,"Grüne","Greens","#4C9A2A",13.6,3,2025-01-26
5.4,2.7,8.9,2.1,11.2,"BSW","BSW","#FF6A13",5.4,4,2025-01-26
4.4,3.2,5.7,2.8,6.6,"FDP","FDP","#FFCC00",4.4,5,2025-01-26
3.7,2.6,4.9,2.2,5.7,"Linke","Left","purple",3.7,6,2025-01-26
29.5,24.2,34.7,21.2,38.9,"CDU/CSU","CDU/CSU","#000000",29.5,0,2025-01-27
19.7,15.5,24,13.3,27.4,"AfD","AfD","#009EE0",19.7,1,2025-01-27
16.6,13,20.4,11.2,23.5,"SPD","SPD","#DD0000",16.6,2,2025-01-27
13.3,10.3,16.5,8.7,18.7,"Grüne","Greens","#4C9A2A",13.3,3,2025-01-27
6.2,3.2,9.9,2.5,12.2,"BSW","BSW","#FF6A13",6.2,4,2025-01-27
4.3,3.2,5.6,2.7,6.6,"FDP","FDP","#FFCC00",4.3,5,2025-01-27
3.7,2.7,5,2.2,5.8,"Linke","Left","purple",3.7,6,2025-01-27
29.6,24.4,34.8,21.4,38.9,"CDU/CSU","CDU/CSU","#000000",29.6,0,2025-01-29
19.9,15.8,24.2,13.6,27.5,"AfD","AfD","#009EE0",19.9,1,2025-01-29
16.4,12.9,20.2,11,23,"SPD","SPD","#DD0000",16.4,2,2025-01-29
13.4,10.5,16.6,9,19.1,"Grüne","Greens","#4C9A2A",13.4,3,2025-01-29
5.5,2.8,8.9,2.2,11.1,"BSW","BSW","#FF6A13",5.5,4,2025-01-29
4.4,3.2,5.6,2.7,6.6,"FDP","FDP","#FFCC00",4.4,5,2025-01-29
3.9,2.8,5.1,2.4,6,"Linke","Left","purple",3.9,6,2025-01-29
29.2,24,34.7,21,38.7,"CDU/CSU","CDU/CSU","#000000",29.2,0,2025-01-30
20.4,16.1,24.8,13.8,28.4,"AfD","AfD","#009EE0",20.4,1,2025-01-30
16.2,12.7,19.8,10.8,22.8,"SPD","SPD","#DD0000",16.2,2,2025-01-30
13.3,10.3,16.4,8.8,18.9,"Grüne","Greens","#4C9A2A",13.3,3,2025-01-30
6.1,3.1,9.7,2.4,11.8,"BSW","BSW","#FF6A13",6.1,4,2025-01-30
4.2,3.1,5.4,2.6,6.4,"FDP","FDP","#FFCC00",4.2,5,2025-01-30
4.1,2.9,5.3,2.5,6.2,"Linke","Left","purple",4.1,6,2025-01-30
29.3,24.1,34.6,21,38.6,"CDU/CSU","CDU/CSU","#000000",29.3,0,2025-01-31
20.3,16.2,24.6,14.2,28,"AfD","AfD","#009EE0",20.3,1,2025-01-31
16,12.6,19.5,10.8,22.2,"SPD","SPD","#DD0000",16,2,2025-01-31
13.6,10.6,16.7,9,19.1,"Grüne","Greens","#4C9A2A",13.6,3,2025-01-31
5.7,2.9,9.1,2.2,11.2,"BSW","BSW","#FF6A13",5.7,4,2025-01-31
4.3,3.1,5.6,2.6,6.7,"Linke","Left","purple",4.3,5,2025-01-31
4.1,3,5.3,2.6,6.1,"FDP","FDP","#FFCC00",4.1,6,2025-01-31
29.2,23.9,34.6,20.9,39.1,"CDU/CSU","CDU/CSU","#000000",29.2,0,2025-02-02
20.6,16.3,25.1,14.2,28.6,"AfD","AfD","#009EE0",20.6,1,2025-02-02
15.6,12.2,19.3,10.4,22.2,"SPD","SPD","#DD0000",15.6,2,2025-02-02
13.2,10.3,16.3,8.6,19.1,"Grüne","Greens","#4C9A2A",13.2,3,2025-02-02
6.5,3.1,11,2.3,13.9,"BSW","BSW","#FF6A13",6.5,4,2025-02-02
4.2,3,5.5,2.6,6.5,"Linke","Left","purple",4.2,5,2025-02-02
4,3,5.2,2.5,6.1,"FDP","FDP","#FFCC00",4,6,2025-02-02
29.1,23.8,34.4,21.1,38.3,"CDU/CSU","CDU/CSU","#000000",29.1,0,2025-02-04
20.9,16.7,25.4,14.3,29.1,"AfD","AfD","#009EE0",20.9,1,2025-02-04
15.6,12.2,19,10.4,22,"SPD","SPD","#DD0000",15.6,2,2025-02-04
13.1,10.2,16.1,8.8,18.5,"Grüne","Greens","#4C9A2A",13.1,3,2025-02-04
6.4,3.1,10.6,2.3,13.7,"BSW","BSW","#FF6A13",6.4,4,2025-02-04
4.4,3.2,5.8,2.7,6.8,"Linke","Left","purple",4.4,5,2025-02-04
4.1,3,5.2,2.5,6.1,"FDP","FDP","#FFCC00",4.1,6,2025-02-04
29,23.9,34.1,21,38.1,"CDU/CSU","CDU/CSU","#000000",29,0,2025-02-05
20.6,16.4,25.1,14.2,28.6,"AfD","AfD","#009EE0",20.6,1,2025-02-05
15.8,12.4,19.4,10.6,22.1,"SPD","SPD","#DD0000",15.8,2,2025-02-05
13.7,10.7,16.8,9.1,19.4,"Grüne","Greens","#4C9A2A",13.7,3,2025-02-05
5.5,2.6,9.2,1.9,11.8,"BSW","BSW","#FF6A13",5.5,4,2025-02-05
4.6,3.4,6,2.9,7,"Linke","Left","purple",4.6,5,2025-02-05
4.1,3.1,5.3,2.6,6.2,"FDP","FDP","#FFCC00",4.1,6,2025-02-05
28.3,23.1,33.6,20.2,37.3,"CDU/CSU","CDU/CSU","#000000",28.3,0,2025-02-06
20.9,16.6,25.3,14.4,28.7,"AfD","AfD","#009EE0",20.9,1,2025-02-06
16.1,12.7,19.6,10.8,22.3,"SPD","SPD","#DD0000",16.1,2,2025-02-06
13.1,10.2,16.2,8.7,18.7,"Grüne","Greens","#4C9A2A",13.1,3,2025-02-06
6.5,3.2,10.7,2.4,13.7,"BSW","BSW","#FF6A13",6.5,4,2025-02-06
5,3.6,6.5,3,7.7,"Linke","Left","purple",5,5,2025-02-06
4,3,5.1,2.6,5.9,"FDP","FDP","#FFCC00",4,6,2025-02-06
28.9,23.8,34.1,20.8,38.5,"CDU/CSU","CDU/CSU","#000000",28.9,0,2025-02-07
20.8,16.6,25.1,14.2,28.5,"AfD","AfD","#009EE0",20.8,1,2025-02-07
16,12.6,19.7,10.8,22.3,"SPD","SPD","#DD0000",16,2,2025-02-07
13.3,10.3,16.4,8.9,18.8,"Grüne","Greens","#4C9A2A",13.3,3,2025-02-07
5.8,2.8,9.5,2.2,12,"BSW","BSW","#FF6A13",5.8,4,2025-02-07
4.9,3.6,6.3,3,7.4,"Linke","Left","purple",4.9,5,2025-02-07
4.1,3.1,5.2,2.6,6,"FDP","FDP","#FFCC00",4.1,6,2025-02-07
29.1,23.9,34.4,21,38.3,"CDU/CSU","CDU/CSU","#000000",29.1,0,2025-02-08
20.6,16.5,24.9,14.1,28.3,"AfD","AfD","#009EE0",20.6,1,2025-02-08
15.9,12.6,19.4,10.8,22.2,"SPD","SPD","#DD0000",15.9,2,2025-02-08
13.5,10.5,16.6,8.9,19.3,"Grüne","Greens","#4C9A2A",13.5,3,2025-02-08
5.1,3.7,6.6,3.1,7.8,"Linke","Left","purple",5.1,4,2025-02-08
5.4,2.6,9,2,11.4,"BSW","BSW","#FF6A13",5.4,5,2025-02-08
4.1,3.1,5.2,2.6,6,"FDP","FDP","#FFCC00",4.1,6,2025-02-08
28.9,23.7,34.2,20.5,38.8,"CDU/CSU","CDU/CSU","#000000",28.9,0,2025-02-09
20.5,16.3,24.9,13.9,28.6,"AfD","AfD","#009EE0",20.5,1,2025-02-09
15.8,12.4,19.3,10.8,22,"SPD","SPD","#DD0000",15.8,2,2025-02-09
13.1,10.2,16.2,8.6,18.7,"Grüne","Greens","#4C9A2A",13.1,3,2025-02-09
6.2,3.1,10.1,2.4,12.7,"BSW","BSW","#FF6A13",6.2,4,2025-02-09
5.2,3.8,6.7,3.2,7.8,"Linke","Left","purple",5.2,5,2025-02-09
4,3,5.1,2.6,5.9,"FDP","FDP","#FFCC00",4,6,2025-02-09
28.9,23.6,34.3,20.6,38.6,"CDU/CSU","CDU/CSU","#000000",28.9,0,2025-02-10
20.5,16.3,24.8,14,28.2,"AfD","AfD","#009EE0",20.5,1,2025-02-10
16,12.5,19.5,10.7,22.6,"SPD","SPD","#DD0000",16,2,2025-02-10
13,10.2,16.1,8.6,18.5,"Grüne","Greens","#4C9A2A",13,3,2025-02-10
6.1,3.1,10,2.4,12.5,"BSW","BSW","#FF6A13",6.1,4,2025-02-10
5.2,3.8,6.8,3.2,7.9,"Linke","Left","purple",5.2,5,2025-02-10
4.1,3,5.2,2.6,6,"FDP","FDP","#FFCC00",4.1,6,2025-02-10
29.1,24,34.3,21.1,38.6,"CDU/CSU","CDU/CSU","#000000",29.1,0,2025-02-12
20.5,16.4,24.7,14.1,27.7,"AfD","AfD","#009EE0",20.5,1,2025-02-12
15.9,12.7,19.3,10.9,22.1,"SPD","SPD","#DD0000",15.9,2,2025-02-12
13.3,10.5,16.2,8.8,18.5,"Grüne","Greens","#4C9A2A",13.3,3,2025-02-12
5.7,4.2,7.3,3.5,8.6,"Linke","Left","purple",5.7,4,2025-02-12
5.2,2.7,8.3,2.1,10.5,"BSW","BSW","#FF6A13",5.2,5,2025-02-12
4,3.1,5.1,2.6,5.9,"FDP","FDP","#FFCC00",4,6,2025-02-12
28.9,23.9,34.1,20.9,37.7,"CDU/CSU","CDU/CSU","#000000",28.9,0,2025-02-13
20.7,16.7,24.9,14.3,28.4,"AfD","AfD","#009EE0",20.7,1,2025-02-13
15.9,12.6,19.3,10.7,22.2,"SPD","SPD","#DD0000",15.9,2,2025-02-13
13,10.2,15.9,8.7,18.3,"Grüne","Greens","#4C9A2A",13,3,2025-02-13
5.8,4.3,7.4,3.6,8.7,"Linke","Left","purple",5.8,4,2025-02-13
5.5,3,8.7,2.3,10.8,"BSW","BSW","#FF6A13",5.5,5,2025-02-13
4,3,5.1,2.5,5.9,"FDP","FDP","#FFCC00",4,6,2025-02-13
29.5,24.3,34.6,21.3,38.5,"CDU/CSU","CDU/CSU","#000000",29.5,0,2025-02-14
20.6,16.6,24.9,14.4,28.4,"AfD","AfD","#009EE0",20.6,1,2025-02-14
15.6,12.3,18.9,10.5,21.6,"SPD","SPD","#DD0000",15.6,2,2025-02-14
13.2,10.3,16.1,8.8,18.7,"Grüne","Greens","#4C9A2A",13.2,3,2025-02-14
5.9,4.3,7.4,3.7,8.8,"Linke","Left","purple",5.9,4,2025-02-14
5.1,2.8,8.1,2.2,10,"BSW","BSW","#FF6A13",5.1,5,2025-02-14
4.1,3.1,5.1,2.7,6.1,"FDP","FDP","#FFCC00",4.1,6,2025-02-14
29.5,24.5,34.6,21.1,38.5,"CDU/CSU","CDU/CSU","#000000",29.5,0,2025-02-15
20.5,16.4,24.7,14,28.1,"AfD","AfD","#009EE0",20.5,1,2025-02-15
15.7,12.4,19,10.7,21.8,"SPD","SPD","#DD0000",15.7,2,2025-02-15
13.3,10.5,16.3,8.8,18.8,"Grüne","Greens","#4C9A2A",13.3,3,2025-02-15
6.1,4.6,7.7,3.9,8.9,"Linke","Left","purple",6.1,4,2025-02-15
4.9,2.7,7.5,2.2,9.3,"BSW","BSW","#FF6A13",4.9,5,2025-02-15
4.1,3.1,5.1,2.6,6,"FDP","FDP","#FFCC00",4.1,6,2025-02-15
29.6,24.5,34.5,21.6,38.4,"CDU/CSU","CDU/CSU","#000000",29.6,0,2025-02-16
20.6,16.6,24.6,14.2,27.8,"AfD","AfD","#009EE0",20.6,1,2025-02-16
15.5,12.3,18.7,10.3,21.3,"SPD","SPD","#DD0000",15.5,2,2025-02-16
13.2,10.5,16.1,8.9,18.5,"Grüne","Greens","#4C9A2A",13.2,3,2025-02-16
6,4.6,7.7,3.9,9,"Linke","Left","purple",6,4,2025-02-16
5.2,3,7.9,2.4,9.7,"BSW","BSW","#FF6A13",5.2,5,2025-02-16
4.1,3.1,5.1,2.6,6,"FDP","FDP","#FFCC00",4.1,6,2025-02-16
29.4,24.4,34.6,21.2,38.5,"CDU/CSU","CDU/CSU","#000000",29.4,0,2025-02-17
20.6,16.5,24.8,14.1,28.5,"AfD","AfD","#009EE0",20.6,1,2025-02-17
15.5,12.2,18.9,10.4,21.9,"SPD","SPD","#DD0000",15.5,2,2025-02-17
13.2,10.3,16.2,8.8,18.6,"Grüne","Greens","#4C9A2A",13.2,3,2025-02-17
6.1,4.5,7.7,3.8,9.1,"Linke","Left","purple",6.1,4,2025-02-17
5.2,3,8,2.4,9.9,"BSW","BSW","#FF6A13",5.2,5,2025-02-17
4.1,3.1,5.1,2.6,6,"FDP","FDP","#FFCC00",4.1,6,2025-02-17
29.4,24.3,34.5,21.2,38.7,"CDU/CSU","CDU/CSU","#000000",29.4,0,2025-02-18
20.7,16.7,25,14.4,28.3,"AfD","AfD","#009EE0",20.7,1,2025-02-18
15.4,12.2,18.7,10.5,21.9,"SPD","SPD","#DD0000",15.4,2,2025-02-18
13,10.2,16,8.8,18.3,"Grüne","Greens","#4C9A2A",13,3,2025-02-18
6.4,4.8,8.1,4,9.4,"Linke","Left","purple",6.4,4,2025-02-18
5.2,3.2,7.6,2.6,9.1,"BSW","BSW","#FF6A13",5.2,5,2025-02-18
4.2,3.2,5.3,2.7,6.3,"FDP","FDP","#FFCC00",4.2,6,2025-02-18
29.1,24.2,34.2,21,38.1,"CDU/CSU","CDU/CSU","#000000",29.1,0,2025-02-19
20.5,16.5,24.4,14.2,27.5,"AfD","AfD","#009EE0",20.5,1,2025-02-19
15.8,12.6,19,10.8,22.1,"SPD","SPD","#DD0000",15.8,2,2025-02-19
12.9,10.2,15.7,8.7,18.3,"Grüne","Greens","#4C9A2A",12.9,3,2025-02-19
7.1,5.4,8.8,4.6,10.3,"Linke","Left","purple",7.1,4,2025-02-19
4.6,2.9,6.7,2.4,8,"BSW","BSW","#FF6A13",4.6,5,2025-02-19
4.4,3.4,5.4,2.9,6.4,"FDP","FDP","#FFCC00",4.4,6,2025-02-19
29.2,24.1,34.4,20.8,38.1,"CDU/CSU","CDU/CSU","#000000",29.2,0,2025-02-20
20.3,16.3,24.4,14.1,27.8,"AfD","AfD","#009EE0",20.3,1,2025-02-20
15.8,12.6,19,10.8,22,"SPD","SPD","#DD0000",15.8,2,2025-02-20
12.9,10.2,15.8,8.8,18.3,"Grüne","Greens","#4C9A2A",12.9,3,2025-02-20
7.1,5.3,8.9,4.5,10.6,"Linke","Left","purple",7.1,4,2025-02-20
4.7,2.9,6.8,2.4,8.3,"BSW","BSW","#FF6A13",4.7,5,2025-02-20
4.4,3.4,5.5,2.8,6.5,"FDP","FDP","#FFCC00",4.4,6,2025-02-20
29.3,24.3,34.3,20.8,38.2,"CDU/CSU","CDU/CSU","#000000",29.3,0,2025-02-21
20.5,16.5,24.7,14.1,28.6,"AfD","AfD","#009EE0",20.5,1,2025-02-21
15.4,12.3,18.7,10.4,21.5,"SPD","SPD","#DD0000",15.4,2,2025-02-21
13,10.2,15.9,8.7,18.4,"Grüne","Greens","#4C9A2A",13,3,2025-02-21
7.2,5.5,8.9,4.6,10.3,"Linke","Left","purple",7.2,4,2025-02-21
4.9,3.3,6.7,2.8,8,"BSW","BSW","#FF6A13",4.9,5,2025-02-21
4.3,3.3,5.3,2.8,6.3,"FDP","FDP","#FFCC00",4.3,6,2025-02-21
29.3,24.2,34.5,20.9,38.5,"CDU/CSU","CDU/CSU","#000000",29.3,0,2025-02-22
20.4,16.4,24.5,13.9,27.8,"AfD","AfD","#009EE0",20.4,1,2025-02-22
15.6,12.3,18.9,10.5,22.1,"SPD","SPD","#DD0000",15.6,2,2025-02-22
13,10.3,15.9,8.6,18.4,"Grüne","Greens","#4C9A2A",13,3,2025-02-22
7.5,5.8,9.4,4.9,10.9,"Linke","Left","purple",7.5,4,2025-02-22
4.4,3.4,5.5,2.9,6.4,"FDP","FDP","#FFCC00",4.4,5,2025-02-22
4.3,3,5.8,2.5,6.8,"BSW","BSW","#FF6A13",4.3,6,2025-02-22
